origen,experimento,seed,dataset,ssl_method,use_semi,arch,backbone,pool,fraccion_etiquetas,lambda_u,tau,ema_decay,semi_start_epoch,best_epoch,epocas_corridas,early_stopped,val_f1_global,test_f1_mean,test_f1_std,test_f1_global,test_iou_mean,test_bf1_mean,test_assd_px,test_hd95_px,c2c4_err_px
runs_final_v1,cps_r10_smoketest,0,inca,cps,True,unetpp,efficientnet-b3,unlabeling_r10_max0/images,,0.05,0.95,0.99,1,18,30,False,0.8789355967188991,0.854993999004364,0.11976268142461777,0.8514602580647282,0.7623538374900818,0.9321,1.6336,5.7782,
runs_final_v1,cps_r3,0,inca,cps,True,unetpp,efficientnet-b3,unlabeling_r3_max0/images,,0.05,0.95,0.99,15,33,73,True,0.885271163691666,0.838483989238739,0.14997752010822296,0.8368483647171274,0.7451527118682861,0.9191,1.9025,7.747,14.971
runs_final_v1,mean_teacher_all_lateral,0,inca,mean_teacher,True,unetpp,efficientnet-b3,unlabeling_all_lateral/images,,0.05,0.95,0.99,15,31,71,True,0.8793687137125854,0.8639786839485168,0.12046090513467789,0.8613815836273749,0.776233434677124,0.9367,1.7517,5.6964,14.645
runs_final_v1,mean_teacher_all_lateral,1,inca,mean_teacher,True,unetpp,efficientnet-b3,unlabeling_all_lateral/images,,0.05,0.95,0.99,15,31,71,True,0.8762901173469313,0.8535189032554626,0.12606805562973022,0.8504136310104273,0.761683464050293,0.9352,1.5013,5.2989,11.701
runs_final_v1,mean_teacher_all_lateral,2,inca,mean_teacher,True,unetpp,efficientnet-b3,unlabeling_all_lateral/images,,0.05,0.95,0.99,15,30,70,True,0.878799212917829,0.8632016181945801,0.08534157276153564,0.856046700853002,0.7684923410415649,0.9344,1.6094,6.0408,14.478
runs_final_v1,mean_teacher_deeplabv3plus_std_matched_r15,0,unm,mean_teacher,True,deeplabv3plus,efficientnet-b3,unlabeling_std_matched_r15/images,,0.05,0.95,0.99,15,131,171,True,0.8679045968466882,0.8077671527862549,0.1646823137998581,0.8133881397460083,0.7018615007400513,0.9183,1.9626,7.2428,12.112
runs_final_v1,mean_teacher_deeplabv3plus_std_matched_r15,1,unm,mean_teacher,True,deeplabv3plus,efficientnet-b3,unlabeling_std_matched_r15/images,,0.05,0.95,0.99,15,97,137,True,0.8590748272320379,0.808121383190155,0.18328815698623657,0.8113514725519311,0.7094823718070984,0.9076,2.312,7.9497,14.816
runs_final_v1,mean_teacher_deeplabv3plus_std_matched_r15,2,unm,mean_teacher,True,deeplabv3plus,efficientnet-b3,unlabeling_std_matched_r15/images,,0.05,0.95,0.99,15,129,169,True,0.8547259042156342,0.7833291888237,0.2006959170103073,0.7977679198695288,0.6792834997177124,0.8935,2.4522,9.3253,15.127
runs_final_v1,mean_teacher_fpn_std_matched_r15,0,unm,mean_teacher,True,fpn,efficientnet-b3,unlabeling_std_matched_r15/images,,0.05,0.95,0.99,15,56,96,True,0.8596319939910213,0.7789097428321838,0.205330491065979,0.7863637292356485,0.6735203266143799,0.8803,2.3543,7.005,10.819
runs_final_v1,mean_teacher_fpn_std_matched_r15,1,unm,mean_teacher,True,fpn,efficientnet-b3,unlabeling_std_matched_r15/images,,0.05,0.95,0.99,15,83,123,True,0.8596464158383131,0.8276984095573425,0.13905194401741028,0.8274513628159211,0.7256223559379578,0.9113,2.0986,7.53,11.578
runs_final_v1,mean_teacher_fpn_std_matched_r15,2,unm,mean_teacher,True,fpn,efficientnet-b3,unlabeling_std_matched_r15/images,,0.05,0.95,0.99,15,29,69,True,0.8595905449175542,0.8262340426445007,0.1168244332075119,0.8212520471542356,0.7183030843734741,0.9254,2.2526,8.6788,12.276
runs_final_v1,mean_teacher_r10,0,inca,mean_teacher,True,unetpp,efficientnet-b3,unlabeling_r10_max0/images,,0.05,0.95,0.99,15,41,81,True,0.8839308679663765,0.8469019532203674,0.11967440694570541,0.8426711885667588,0.7502973079681396,0.9303,1.5926,6.1557,13.916
runs_final_v1,mean_teacher_r10,1,inca,mean_teacher,True,unetpp,efficientnet-b3,unlabeling_r10_max0/images,,0.05,0.95,0.99,15,34,74,True,0.8795177762664683,0.8536955118179321,0.11213549226522446,0.8482233847403996,0.7591089010238647,0.9303,1.7335,7.0107,15.811
runs_final_v1,mean_teacher_r10,2,inca,mean_teacher,True,unetpp,efficientnet-b3,unlabeling_r10_max0/images,,0.05,0.95,0.99,15,17,57,True,0.8838015278346848,0.847467839717865,0.1618107706308365,0.8504959562720901,0.76016765832901,0.9195,1.8959,7.3039,14.81
runs_final_v1,mean_teacher_r10,3,inca,mean_teacher,True,unetpp,efficientnet-b3,unlabeling_r10_max0/images,,0.05,0.95,0.99,15,29,69,True,0.8753103923023731,0.859593391418457,0.13358016312122345,0.8609618206746404,0.7721657156944275,0.934,1.6688,6.7942,14.968
runs_final_v1,mean_teacher_r10,4,inca,mean_teacher,True,unetpp,efficientnet-b3,unlabeling_r10_max0/images,,0.05,0.95,0.99,15,25,65,True,0.8798586858751672,0.8431260585784912,0.11051228642463684,0.8352114960731123,0.7428872585296631,0.9143,2.4015,11.0416,19.415
runs_final_v1,mean_teacher_r10_frac25,0,inca,mean_teacher,True,unetpp,efficientnet-b3,unlabeling_r10_max0/images,/content/drive/MyDrive/UNM_vertebras_seg_v3/label_fractions/frac_25/stems.txt,0.05,0.95,0.99,15,54,94,True,0.8635386469489076,0.8402926921844482,0.1270088404417038,0.8373109520597989,0.741483747959137,0.9134,2.1843,11.1032,18.132
runs_final_v1,mean_teacher_r10_frac25,1,inca,mean_teacher,True,unetpp,efficientnet-b3,unlabeling_r10_max0/images,/content/drive/MyDrive/UNM_vertebras_seg_v3/label_fractions/frac_25/stems.txt,0.05,0.95,0.99,15,118,158,True,0.8669917467004373,0.818159282207489,0.18237942457199097,0.82211622331503,0.7232674956321716,0.9064,2.0926,8.8652,16.803
runs_final_v1,mean_teacher_r10_frac25,2,inca,mean_teacher,True,unetpp,efficientnet-b3,unlabeling_r10_max0/images,/content/drive/MyDrive/UNM_vertebras_seg_v3/label_fractions/frac_25/stems.txt,0.05,0.95,0.99,15,83,123,True,0.8725849760946423,0.795947253704071,0.2394743710756302,0.8107536625883246,0.709172785282135,0.8793,3.1481,9.6501,15.696
runs_final_v1,mean_teacher_r10_frac25,3,inca,mean_teacher,True,unetpp,efficientnet-b3,unlabeling_r10_max0/images,/content/drive/MyDrive/UNM_vertebras_seg_v3/label_fractions/frac_25/stems.txt,0.05,0.95,0.99,15,76,116,True,0.8667586295903884,0.802705705165863,0.21993602812290192,0.8137701342525144,0.7110977172851562,0.8856,2.4173,9.0025,15.562
runs_final_v1,mean_teacher_r10_frac25,4,inca,mean_teacher,True,unetpp,efficientnet-b3,unlabeling_r10_max0/images,/content/drive/MyDrive/UNM_vertebras_seg_v3/label_fractions/frac_25/stems.txt,0.05,0.95,0.99,15,70,110,True,0.8695666157426473,0.8222020268440247,0.1773039549589157,0.824137947750484,0.7269601821899414,0.9049,2.6767,11.431,13.089
runs_final_v1,mean_teacher_r10_frac50,0,inca,mean_teacher,True,unetpp,efficientnet-b3,unlabeling_r10_max0/images,/content/drive/MyDrive/UNM_vertebras_seg_v3/label_fractions/frac_50/stems.txt,0.05,0.95,0.99,15,79,119,True,0.8754645606576226,0.8156324028968811,0.19743195176124573,0.8208464221223276,0.7229943871498108,0.8957,2.0865,8.4882,13.348
runs_final_v1,mean_teacher_r10_frac50,1,inca,mean_teacher,True,unetpp,efficientnet-b3,unlabeling_r10_max0/images,/content/drive/MyDrive/UNM_vertebras_seg_v3/label_fractions/frac_50/stems.txt,0.05,0.95,0.99,15,127,167,True,0.8770601700450645,0.8021522164344788,0.22213156521320343,0.8144117735632826,0.7115845680236816,0.8812,1.8924,6.9877,15.423
runs_final_v1,mean_teacher_r10_frac50,2,inca,mean_teacher,True,unetpp,efficientnet-b3,unlabeling_r10_max0/images,/content/drive/MyDrive/UNM_vertebras_seg_v3/label_fractions/frac_50/stems.txt,0.05,0.95,0.99,15,25,65,True,0.8686112334615013,0.8217718601226807,0.15952761471271515,0.8170161833275231,0.7222236394882202,0.9115,1.773,6.0791,15.332
runs_final_v1,mean_teacher_r10_frac50,3,inca,mean_teacher,True,unetpp,efficientnet-b3,unlabeling_r10_max0/images,/content/drive/MyDrive/UNM_vertebras_seg_v3/label_fractions/frac_50/stems.txt,0.05,0.95,0.99,15,39,79,True,0.873306233061609,0.8332273960113525,0.1330377459526062,0.8304079801081716,0.7325604557991028,0.9114,2.2384,9.7647,19.167
runs_final_v1,mean_teacher_r10_frac50,4,inca,mean_teacher,True,unetpp,efficientnet-b3,unlabeling_r10_max0/images,/content/drive/MyDrive/UNM_vertebras_seg_v3/label_fractions/frac_50/stems.txt,0.05,0.95,0.99,15,32,72,True,0.8709885742665416,0.8208819031715393,0.17668841779232025,0.8229667426053726,0.724610447883606,0.9057,2.0413,8.3252,14.478
runs_final_v1,mean_teacher_r10_frac75,0,inca,mean_teacher,True,unetpp,efficientnet-b3,unlabeling_r10_max0/images,/content/drive/MyDrive/UNM_vertebras_seg_v3/label_fractions/frac_75/stems.txt,0.05,0.95,0.99,15,16,56,True,0.8778866624405783,0.8548502922058105,0.12842296063899994,0.8524933129533566,0.7635521292686462,0.9278,1.7309,6.5912,14.459
runs_final_v1,mean_teacher_r10_frac75,1,inca,mean_teacher,True,unetpp,efficientnet-b3,unlabeling_r10_max0/images,/content/drive/MyDrive/UNM_vertebras_seg_v3/label_fractions/frac_75/stems.txt,0.05,0.95,0.99,15,86,126,True,0.8786326744331076,0.8158133029937744,0.19906729459762573,0.8219621711829344,0.724128782749176,0.8975,1.9094,7.6521,16.288
runs_final_v1,mean_teacher_r10_frac75,2,inca,mean_teacher,True,unetpp,efficientnet-b3,unlabeling_r10_max0/images,/content/drive/MyDrive/UNM_vertebras_seg_v3/label_fractions/frac_75/stems.txt,0.05,0.95,0.99,15,35,75,True,0.8761740432659351,0.8340461254119873,0.17776957154273987,0.8391271337949895,0.7437931895256042,0.9105,2.0317,8.0323,14.998
runs_final_v1,mean_teacher_r10_frac75,3,inca,mean_teacher,True,unetpp,efficientnet-b3,unlabeling_r10_max0/images,/content/drive/MyDrive/UNM_vertebras_seg_v3/label_fractions/frac_75/stems.txt,0.05,0.95,0.99,15,60,100,True,0.8758060041522343,0.8334539532661438,0.17801177501678467,0.8385359797773165,0.7439616918563843,0.922,1.7567,5.5744,13.997
runs_final_v1,mean_teacher_r10_frac75,4,inca,mean_teacher,True,unetpp,efficientnet-b3,unlabeling_r10_max0/images,/content/drive/MyDrive/UNM_vertebras_seg_v3/label_fractions/frac_75/stems.txt,0.05,0.95,0.99,15,59,99,True,0.8791344869155675,0.8473721146583557,0.1336999386548996,0.8440974252178616,0.7537873387336731,0.924,1.8684,6.3341,13.372
runs_final_v1,mean_teacher_r10_nonreg,0,inca,mean_teacher,True,unetpp,efficientnet-b3,unlabeling_r10_max0/images,,0.05,0.95,0.99,15,41,81,True,0.8839308679663765,0.8469019532203674,0.11967440694570541,0.8426711885667588,0.7502973079681396,0.9303,1.5926,6.1557,13.916
runs_final_v1,mean_teacher_r15,0,inca,mean_teacher,True,unetpp,efficientnet-b3,unlabeling_r15_max0/images,,0.05,0.95,0.99,15,33,73,True,0.8790501310360085,0.8330656886100769,0.15805666148662567,0.8340889742418014,0.7383214831352234,0.9214,1.8086,7.0388,15.237
runs_final_v1,mean_teacher_r15,1,inca,mean_teacher,True,unetpp,efficientnet-b3,unlabeling_r15_max0/images,,0.05,0.95,0.99,15,43,83,True,0.8763256648712054,0.829378068447113,0.17969536781311035,0.8328208784512312,0.7392939925193787,0.909,1.9553,7.4755,17.024
runs_final_v1,mean_teacher_r15,2,inca,mean_teacher,True,unetpp,efficientnet-b3,unlabeling_r15_max0/images,,0.05,0.95,0.99,15,58,98,True,0.8841750170323511,0.8212018013000488,0.19158601760864258,0.8271328433063132,0.7300839424133301,0.9054,1.8985,6.9624,15.037
runs_final_v1,mean_teacher_r20,0,inca,mean_teacher,True,unetpp,efficientnet-b3,unlabeling_r20_max0/images,,0.05,0.95,0.99,15,35,75,True,0.8871268273856475,0.8464683890342712,0.13571496307849884,0.8460613760746452,0.7528101205825806,0.9244,1.7851,7.2458,17.294
runs_final_v1,mean_teacher_r20,1,inca,mean_teacher,True,unetpp,efficientnet-b3,unlabeling_r20_max0/images,,0.05,0.95,0.99,15,28,68,True,0.875756886721006,0.8091037273406982,0.20957091450691223,0.8181693732789046,0.7173510789871216,0.9008,1.8604,7.7103,16.134
runs_final_v1,mean_teacher_r20,2,inca,mean_teacher,True,unetpp,efficientnet-b3,unlabeling_r20_max0/images,,0.05,0.95,0.99,15,24,64,True,0.8743215237336143,0.8273442387580872,0.18268203735351562,0.83237152125621,0.7359615564346313,0.9053,2.1022,8.3435,15.073
runs_final_v1,mean_teacher_r3,0,inca,mean_teacher,True,unetpp,efficientnet-b3,unlabeling_r3_max0/images,,0.05,0.95,0.99,15,93,133,True,0.8794179139142473,0.8161242008209229,0.1777808517217636,0.8196140271828892,0.7202141284942627,0.9008,1.9852,8.0876,15.994
runs_final_v1,mean_teacher_r3,1,inca,mean_teacher,True,unetpp,efficientnet-b3,unlabeling_r3_max0/images,,0.05,0.95,0.99,15,20,60,True,0.8789856063585626,0.8383997678756714,0.15126639604568481,0.8413067098047462,0.7436080574989319,0.9122,2.5303,9.5212,17.366
runs_final_v1,mean_teacher_r3,2,inca,mean_teacher,True,unetpp,efficientnet-b3,unlabeling_r3_max0/images,,0.05,0.95,0.99,15,20,60,True,0.8745574395747485,0.8309226036071777,0.17683666944503784,0.8347011701872915,0.7400305867195129,0.9041,2.3508,8.8736,16.359
runs_final_v1,mean_teacher_r5,0,inca,mean_teacher,True,unetpp,efficientnet-b3,unlabeling_r5_max0/images,,0.05,0.95,0.99,15,19,59,True,0.8793909008906698,0.8584101796150208,0.11443701386451721,0.8544695469614455,0.7667034864425659,0.9286,1.9998,9.6923,13.292
runs_final_v1,mean_teacher_r5,1,inca,mean_teacher,True,unetpp,efficientnet-b3,unlabeling_r5_max0/images,,0.05,0.95,0.99,15,36,76,True,0.8716831517875951,0.8079924583435059,0.2088804543018341,0.8170141210312116,0.7162695527076721,0.8923,2.4053,8.3539,13.688
runs_final_v1,mean_teacher_r5,2,inca,mean_teacher,True,unetpp,efficientnet-b3,unlabeling_r5_max0/images,,0.05,0.95,0.99,15,29,69,True,0.876921683422777,0.8444989919662476,0.14714348316192627,0.8472864955822575,0.7532416582107544,0.9189,1.869,8.2149,14.742
runs_final_v1,mean_teacher_r7,0,inca,mean_teacher,True,unetpp,efficientnet-b3,unlabeling_r7_max0/images,,0.05,0.95,0.99,15,29,69,True,0.8790238083717145,0.8624597787857056,0.1060635894536972,0.8578691464380128,0.770972490310669,0.9227,2.9877,18.5642,15.217
runs_final_v1,mean_teacher_r7,1,inca,mean_teacher,True,unetpp,efficientnet-b3,unlabeling_r7_max0/images,,0.05,0.95,0.99,15,52,92,True,0.8743823061114576,0.8210439085960388,0.18329934775829315,0.8235982711005605,0.7273796200752258,0.908,2.1748,9.4172,15.536
runs_final_v1,mean_teacher_r7,2,inca,mean_teacher,True,unetpp,efficientnet-b3,unlabeling_r7_max0/images,,0.05,0.95,0.99,15,76,116,True,0.8834025418389468,0.8186236619949341,0.18848951160907745,0.8254524690281162,0.7251542210578918,0.8946,1.8901,7.7228,14.999
runs_final_v1,mean_teacher_std_matched_r10,0,inca,mean_teacher,True,unetpp,efficientnet-b3,unlabeling_std_matched_r10/images,,0.05,0.95,0.99,15,24,64,True,0.883428363057015,0.8599591255187988,0.11068794131278992,0.8565011374994052,0.767939031124115,0.94,1.6895,6.2668,17.598
runs_final_v1,mean_teacher_std_matched_r10,1,inca,mean_teacher,True,unetpp,efficientnet-b3,unlabeling_std_matched_r10/images,,0.05,0.95,0.99,15,47,87,True,0.8786658531617827,0.8594754338264465,0.11517607420682907,0.8535530616221516,0.7680424451828003,0.9402,1.6398,5.7429,10.576
runs_final_v1,mean_teacher_std_matched_r10,2,inca,mean_teacher,True,unetpp,efficientnet-b3,unlabeling_std_matched_r10/images,,0.05,0.95,0.99,15,17,57,True,0.8829041913718545,0.8520817756652832,0.155334934592247,0.853718095311511,0.7658133506774902,0.9242,1.8597,7.0305,15.183
runs_final_v1,mean_teacher_std_matched_r15,0,inca,mean_teacher,True,unetpp,efficientnet-b3,unlabeling_std_matched_r15/images,,0.05,0.95,0.99,15,27,67,True,0.8805799250373734,0.8543902635574341,0.135173037648201,0.8532549083467751,0.763973593711853,0.9269,1.8608,8.0707,15.209
runs_final_v1,mean_teacher_std_matched_r15,1,inca,mean_teacher,True,unetpp,efficientnet-b3,unlabeling_std_matched_r15/images,,0.05,0.95,0.99,15,19,59,True,0.875060906967022,0.8496143817901611,0.13652269542217255,0.8493575586241991,0.7581738233566284,0.9281,1.7385,6.7739,14.179
runs_final_v1,mean_teacher_std_matched_r15,2,inca,mean_teacher,True,unetpp,efficientnet-b3,unlabeling_std_matched_r15/images,,0.05,0.95,0.99,15,81,121,True,0.8813494536533455,0.786125898361206,0.23080463707447052,0.795357111907063,0.6920161843299866,0.8741,2.159,8.5703,14.13
runs_final_v1,mean_teacher_std_matched_r20,0,inca,mean_teacher,True,unetpp,efficientnet-b3,unlabeling_std_matched_r20/images,,0.05,0.95,0.99,15,22,62,True,0.8760100445033888,0.849945068359375,0.12472032755613327,0.8478637609034613,0.7554710507392883,0.9225,1.7835,6.3445,14.018
runs_final_v1,mean_teacher_std_matched_r20,1,inca,mean_teacher,True,unetpp,efficientnet-b3,unlabeling_std_matched_r20/images,,0.05,0.95,0.99,15,70,110,True,0.8795572969254113,0.8119999170303345,0.217177152633667,0.824930394488517,0.7244762182235718,0.8971,1.6346,6.1066,13.671
runs_final_v1,mean_teacher_std_matched_r20,2,inca,mean_teacher,True,unetpp,efficientnet-b3,unlabeling_std_matched_r20/images,,0.05,0.95,0.99,15,29,69,True,0.8799174555333618,0.8012806177139282,0.22764383256435394,0.8141361776502531,0.7131841778755188,0.8868,2.0855,8.5679,14.791
runs_final_v1,mean_teacher_std_matched_r3,0,inca,mean_teacher,True,unetpp,efficientnet-b3,unlabeling_std_matched_r3/images,,0.05,0.95,0.99,15,48,88,True,0.8807752091800768,0.8250460028648376,0.19323478639125824,0.8303964216368894,0.7355156540870667,0.9078,2.2944,9.3547,15.585
runs_final_v1,mean_teacher_std_matched_r3,1,inca,mean_teacher,True,unetpp,efficientnet-b3,unlabeling_std_matched_r3/images,,0.05,0.95,0.99,15,56,96,True,0.8799933587905695,0.784570574760437,0.2567521035671234,0.8018923411324373,0.7001013159751892,0.8729,1.9535,7.1568,14.999
runs_final_v1,mean_teacher_std_matched_r3,2,inca,mean_teacher,True,unetpp,efficientnet-b3,unlabeling_std_matched_r3/images,,0.05,0.95,0.99,15,66,106,True,0.8801542568963379,0.8236296772956848,0.16290532052516937,0.8229233613806901,0.726035475730896,0.9045,2.0556,8.4224,17.101
runs_final_v1,mean_teacher_std_matched_r5,0,inca,mean_teacher,True,unetpp,efficientnet-b3,unlabeling_std_matched_r5/images,,0.05,0.95,0.99,15,51,91,True,0.8795759728958318,0.8289087414741516,0.159095898270607,0.8286069749986035,0.7329766154289246,0.9107,2.0168,7.9078,13.464
runs_final_v1,mean_teacher_std_matched_r5,1,inca,mean_teacher,True,unetpp,efficientnet-b3,unlabeling_std_matched_r5/images,,0.05,0.95,0.99,15,46,86,True,0.8811090379383276,0.8358396291732788,0.1576721966266632,0.8374840264157534,0.7422082424163818,0.9086,2.1882,9.0061,20.197
runs_final_v1,mean_teacher_std_matched_r5,2,inca,mean_teacher,True,unetpp,efficientnet-b3,unlabeling_std_matched_r5/images,,0.05,0.95,0.99,15,43,83,True,0.8806535462302425,0.844099223613739,0.14678195118904114,0.8427635699749733,0.7521466016769409,0.9296,1.7017,6.8111,13.455
runs_final_v1,mean_teacher_std_matched_r7,0,inca,mean_teacher,True,unetpp,efficientnet-b3,unlabeling_std_matched_r7/images,,0.05,0.95,0.99,15,110,150,True,0.8813998383017791,0.7910798788070679,0.23812387883663177,0.8066105470391028,0.7027302384376526,0.8778,1.937,7.5442,14.412
runs_final_v1,mean_teacher_std_matched_r7,1,inca,mean_teacher,True,unetpp,efficientnet-b3,unlabeling_std_matched_r7/images,,0.05,0.95,0.99,15,52,92,True,0.8778510715098964,0.8130889534950256,0.200161412358284,0.8197071870458019,0.720964789390564,0.8972,1.9351,6.9588,11.57
runs_final_v1,mean_teacher_std_matched_r7,2,inca,mean_teacher,True,unetpp,efficientnet-b3,unlabeling_std_matched_r7/images,,0.05,0.95,0.99,15,35,75,True,0.8798111837320263,0.8504860401153564,0.1442279815673828,0.8510360409740972,0.7606940269470215,0.9167,2.2435,8.4139,15.832
runs_final_v1,mean_teacher_unet_std_matched_r15_debug,0,unm,mean_teacher,True,unet,efficientnet-b3,unlabeling_std_matched_r15/images,,0.05,0.95,0.99,15,30,70,True,0.8765722415156478,0.8535242676734924,0.11331665515899658,0.8502121060970749,0.7587324976921082,0.9323,1.6884,6.7718,13.172
runs_final_v1,mean_teacher_unet_std_matched_r15,1,unm,mean_teacher,True,unet,efficientnet-b3,unlabeling_std_matched_r15/images,,0.05,0.95,0.99,15,39,79,True,0.8774321132922479,0.8461011648178101,0.15462073683738708,0.8480821651086214,0.7570828199386597,0.9293,1.5968,5.2863,14.426
runs_final_v1,mean_teacher_unet_std_matched_r15,2,unm,mean_teacher,True,unet,efficientnet-b3,unlabeling_std_matched_r15/images,,0.05,0.95,0.99,15,19,59,True,0.8763538125788952,0.8546956777572632,0.13377989828586578,0.8532161208440189,0.7651447057723999,0.9285,1.6292,6.1237,12.444
runs_final_v1,semi_all_lateral,0,inca,pseudo_label,True,unetpp,efficientnet-b3,unlabeling_all_lateral/images,,0.05,0.95,0.99,15,28,68,True,0.8759604282776035,0.8413190245628357,0.16490516066551208,0.8463881996807916,0.7529436945915222,0.9185,2.0527,7.6174,15.118
runs_final_v1,semi_all_lateral,1,inca,pseudo_label,True,unetpp,efficientnet-b3,unlabeling_all_lateral/images,,0.05,0.95,0.99,15,50,90,True,0.8782690121054794,0.8068579435348511,0.20184177160263062,0.8125864418625276,0.712436318397522,0.8977,2.1054,8.0931,15.472
runs_final_v1,semi_all_lateral,2,inca,pseudo_label,True,unetpp,efficientnet-b3,unlabeling_all_lateral/images,,0.05,0.95,0.99,15,40,80,True,0.8754596858631409,0.8412195444107056,0.1389058381319046,0.839158780849932,0.7459820508956909,0.9254,1.7797,6.085,13.977
runs_final_v1,semi_r10,0,inca,pseudo_label,True,unetpp,efficientnet-b3,unlabeling_r10_max0/images,,0.05,0.95,0.99,15,33,73,True,0.8723754035376176,0.8299535512924194,0.1493452936410904,0.8294583790637533,0.7322629690170288,0.9159,1.9391,7.5708,16.47
runs_final_v1,semi_r10,1,inca,pseudo_label,True,unetpp,efficientnet-b3,unlabeling_r10_max0/images,,0.05,0.95,0.99,15,28,68,True,0.8715046212578977,0.8443868160247803,0.1540502905845642,0.8480184572604732,0.7537177205085754,0.9166,1.96,7.8222,16.313
runs_final_v1,semi_r10,2,inca,pseudo_label,True,unetpp,efficientnet-b3,unlabeling_r10_max0/images,,0.05,0.95,0.99,15,17,57,True,0.8834296645703653,0.841255247592926,0.17435263097286224,0.8461883276971875,0.7545173168182373,0.9156,1.9855,6.8912,15.048
runs_final_v1,semi_r10,3,inca,pseudo_label,True,unetpp,efficientnet-b3,unlabeling_r10_max0/images,,0.05,0.95,0.99,15,60,100,True,0.8811712631930033,0.8150639533996582,0.20872065424919128,0.826351196009223,0.7283177375793457,0.9032,2.3151,8.9671,15.69
runs_final_v1,semi_r10,4,inca,pseudo_label,True,unetpp,efficientnet-b3,unlabeling_r10_max0/images,,0.05,0.95,0.99,15,30,70,True,0.8805376972523332,0.8305166959762573,0.15594272315502167,0.8353216734874432,0.7347723841667175,0.9182,1.7078,6.6548,15.746
runs_final_v1,semi_r10_frac25,0,inca,pseudo_label,True,unetpp,efficientnet-b3,unlabeling_r10_max0/images,/content/drive/MyDrive/UNM_vertebras_seg_v3/label_fractions/frac_25/stems.txt,0.05,0.95,0.99,15,24,64,True,0.8585730916340774,0.7740117311477661,0.21664457023143768,0.7794935338091279,0.6710614562034607,0.8783,2.0687,7.0176,12.51
runs_final_v1,semi_r10_frac25,1,inca,pseudo_label,True,unetpp,efficientnet-b3,unlabeling_r10_max0/images,/content/drive/MyDrive/UNM_vertebras_seg_v3/label_fractions/frac_25/stems.txt,0.05,0.95,0.99,15,45,85,True,0.8634688780255508,0.8213524222373962,0.16818520426750183,0.8248508838248731,0.7229775786399841,0.905,2.3069,10.2361,17.931
runs_final_v1,semi_r10_frac25,2,inca,pseudo_label,True,unetpp,efficientnet-b3,unlabeling_r10_max0/images,/content/drive/MyDrive/UNM_vertebras_seg_v3/label_fractions/frac_25/stems.txt,0.05,0.95,0.99,15,65,105,True,0.8683515463475225,0.7920931577682495,0.2211647480726242,0.8039078570585904,0.6973726153373718,0.8935,2.3796,8.2164,12.505
runs_final_v1,semi_r10_frac25,3,inca,pseudo_label,True,unetpp,efficientnet-b3,unlabeling_r10_max0/images,/content/drive/MyDrive/UNM_vertebras_seg_v3/label_fractions/frac_25/stems.txt,0.05,0.95,0.99,15,69,109,True,0.8682864871990728,0.8302132487297058,0.16947981715202332,0.8356083842071771,0.7360398769378662,0.9191,1.8967,7.9545,13.681
runs_final_v1,semi_r10_frac25,4,inca,pseudo_label,True,unetpp,efficientnet-b3,unlabeling_r10_max0/images,/content/drive/MyDrive/UNM_vertebras_seg_v3/label_fractions/frac_25/stems.txt,0.05,0.95,0.99,15,35,75,True,0.8514703159446788,0.7989308834075928,0.169691264629364,0.7989314024307506,0.6914818286895752,0.8931,2.2397,9.2769,18.892
runs_final_v1,semi_r10_frac50,0,inca,pseudo_label,True,unetpp,efficientnet-b3,unlabeling_r10_max0/images,/content/drive/MyDrive/UNM_vertebras_seg_v3/label_fractions/frac_50/stems.txt,0.05,0.95,0.99,15,61,101,True,0.8747711130263376,0.8191750645637512,0.1856301724910736,0.822601682679931,0.7242361307144165,0.9064,2.1069,7.678,14.192
runs_final_v1,semi_r10_frac50,1,inca,pseudo_label,True,unetpp,efficientnet-b3,unlabeling_r10_max0/images,/content/drive/MyDrive/UNM_vertebras_seg_v3/label_fractions/frac_50/stems.txt,0.05,0.95,0.99,15,46,86,True,0.8718940562479545,0.8408562541007996,0.14268043637275696,0.8428733551547806,0.7448206543922424,0.906,2.6327,11.8678,21.663
runs_final_v1,semi_r10_frac50,2,inca,pseudo_label,True,unetpp,efficientnet-b3,unlabeling_r10_max0/images,/content/drive/MyDrive/UNM_vertebras_seg_v3/label_fractions/frac_50/stems.txt,0.05,0.95,0.99,15,18,58,True,0.8666058510971876,0.8276541829109192,0.16710831224918365,0.8296971607299034,0.7313948273658752,0.9074,2.104,7.9199,14.188
runs_final_v1,semi_r10_frac50,3,inca,pseudo_label,True,unetpp,efficientnet-b3,unlabeling_r10_max0/images,/content/drive/MyDrive/UNM_vertebras_seg_v3/label_fractions/frac_50/stems.txt,0.05,0.95,0.99,15,51,91,True,0.873850977802728,0.8321348428726196,0.16117453575134277,0.8330383365116995,0.7377902865409851,0.9163,1.7284,5.9012,15.188
runs_final_v1,semi_r10_frac50,4,inca,pseudo_label,True,unetpp,efficientnet-b3,unlabeling_r10_max0/images,/content/drive/MyDrive/UNM_vertebras_seg_v3/label_fractions/frac_50/stems.txt,0.05,0.95,0.99,15,77,117,True,0.8725276931822291,0.7757668495178223,0.24276532232761383,0.7897074243884339,0.6816524267196655,0.874,2.1865,8.0539,13.17
runs_final_v1,semi_r10_frac75,0,inca,pseudo_label,True,unetpp,efficientnet-b3,unlabeling_r10_max0/images,/content/drive/MyDrive/UNM_vertebras_seg_v3/label_fractions/frac_75/stems.txt,0.05,0.95,0.99,15,16,56,True,0.879351872125409,0.857063353061676,0.12521575391292572,0.8544851003924144,0.7661797404289246,0.9313,1.6821,6.0964,14.91
runs_final_v1,semi_r10_frac75,1,inca,pseudo_label,True,unetpp,efficientnet-b3,unlabeling_r10_max0/images,/content/drive/MyDrive/UNM_vertebras_seg_v3/label_fractions/frac_75/stems.txt,0.05,0.95,0.99,15,55,95,True,0.8747828886603279,0.8021112084388733,0.20879901945590973,0.8089547846291035,0.7077445387840271,0.8885,2.3182,8.4155,14.648
runs_final_v1,semi_r10_frac75,2,inca,pseudo_label,True,unetpp,efficientnet-b3,unlabeling_r10_max0/images,/content/drive/MyDrive/UNM_vertebras_seg_v3/label_fractions/frac_75/stems.txt,0.05,0.95,0.99,15,53,93,True,0.8731485245094927,0.8458239436149597,0.12590499222278595,0.84217326261349,0.7487984299659729,0.9269,1.7645,6.0381,14.567
runs_final_v1,semi_r10_frac75,3,inca,pseudo_label,True,unetpp,efficientnet-b3,unlabeling_r10_max0/images,/content/drive/MyDrive/UNM_vertebras_seg_v3/label_fractions/frac_75/stems.txt,0.05,0.95,0.99,15,23,63,True,0.8746276192873226,0.8352038264274597,0.1733032613992691,0.8377482294981947,0.745365560054779,0.9189,1.8262,6.7827,11.671
runs_final_v1,semi_r10_frac75,4,inca,pseudo_label,True,unetpp,efficientnet-b3,unlabeling_r10_max0/images,/content/drive/MyDrive/UNM_vertebras_seg_v3/label_fractions/frac_75/stems.txt,0.05,0.95,0.99,15,68,108,True,0.8803559929322521,0.8287957906723022,0.1784743368625641,0.8344572311747106,0.7380136847496033,0.9129,2.1373,7.7216,16.241
runs_final_v1,semi_r15,0,inca,pseudo_label,True,unetpp,efficientnet-b3,unlabeling_r15_max0/images,,0.05,0.95,0.99,15,33,73,True,0.8796591231251941,0.8466254472732544,0.16637933254241943,0.849276769245292,0.7602985501289368,0.9308,1.6897,5.8736,13.509
runs_final_v1,semi_r15,1,inca,pseudo_label,True,unetpp,efficientnet-b3,unlabeling_r15_max0/images,,0.05,0.95,0.99,15,42,82,True,0.8802823887301764,0.8329930305480957,0.1892065405845642,0.8397997620931603,0.7465741634368896,0.909,1.7717,6.683,16.219
runs_final_v1,semi_r15,2,inca,pseudo_label,True,unetpp,efficientnet-b3,unlabeling_r15_max0/images,,0.05,0.95,0.99,15,36,76,True,0.8744867602579316,0.8414869904518127,0.13107140362262726,0.8372773444140665,0.7446417212486267,0.919,2.2413,7.5145,19.929
runs_final_v1,semi_r20,0,inca,pseudo_label,True,unetpp,efficientnet-b3,unlabeling_r20_max0/images,,0.05,0.95,0.99,15,28,68,True,0.8801893786217143,0.817279577255249,0.16421975195407867,0.8225980061762136,0.7170041799545288,0.9008,2.0822,7.9698,13.729
runs_final_v1,semi_r20,1,inca,pseudo_label,True,unetpp,efficientnet-b3,unlabeling_r20_max0/images,,0.05,0.95,0.99,15,52,92,True,0.8817111708645363,0.8141412734985352,0.21041615307331085,0.8241258984576723,0.7259283661842346,0.8974,2.5324,8.4932,14.552
runs_final_v1,semi_r20,2,inca,pseudo_label,True,unetpp,efficientnet-b3,unlabeling_r20_max0/images,,0.05,0.95,0.99,15,16,56,True,0.8746148572176586,0.7771700024604797,0.27514055371284485,0.8000364472068278,0.6957269906997681,0.874,3.5899,11.3495,13.819
runs_final_v1,semi_r3,0,inca,pseudo_label,True,unetpp,efficientnet-b3,unlabeling_r3_max0/images,,0.05,0.95,0.99,15,31,71,True,0.8799218352018172,0.8329015970230103,0.17388594150543213,0.8357567140439648,0.7411555051803589,0.913,2.0816,7.8928,13.887
runs_final_v1,semi_r3,1,inca,pseudo_label,True,unetpp,efficientnet-b3,unlabeling_r3_max0/images,,0.05,0.95,0.99,15,17,57,True,0.8733571098335039,0.8524789214134216,0.13517649471759796,0.8531340596364998,0.7621755003929138,0.9303,1.6486,6.0134,16.768
runs_final_v1,semi_r3,2,inca,pseudo_label,True,unetpp,efficientnet-b3,unlabeling_r3_max0/images,,0.05,0.95,0.99,15,35,75,True,0.8779111378006746,0.8701360821723938,0.1038951650261879,0.8659359795620346,0.7824944853782654,0.9418,1.5452,6.2546,12.47
runs_final_v1,semi_r5,0,inca,pseudo_label,True,unetpp,efficientnet-b3,unlabeling_r5_max0/images,,0.05,0.95,0.99,15,75,115,True,0.8859843603671503,0.8358451724052429,0.12410720437765121,0.8322816181793418,0.7346185445785522,0.917,2.4647,11.4357,20.507
runs_final_v1,semi_r5,1,inca,pseudo_label,True,unetpp,efficientnet-b3,unlabeling_r5_max0/images,,0.05,0.95,0.99,15,28,68,True,0.8734797423327003,0.8220865726470947,0.18559019267559052,0.8292366948519234,0.7290244102478027,0.9104,2.1664,7.8951,14.202
runs_final_v1,semi_r5,2,inca,pseudo_label,True,unetpp,efficientnet-b3,unlabeling_r5_max0/images,,0.05,0.95,0.99,15,20,60,True,0.8754590929479372,0.8354069590568542,0.1666184961795807,0.8373440218552177,0.7439280152320862,0.9233,1.8606,6.6043,12.294
runs_final_v1,semi_r7,0,inca,pseudo_label,True,unetpp,efficientnet-b3,unlabeling_r7_max0/images,,0.05,0.95,0.99,15,48,88,True,0.8786877682661383,0.8376537561416626,0.18132507801055908,0.842440895131609,0.750645637512207,0.9156,2.2207,7.5543,15.057
runs_final_v1,semi_r7,1,inca,pseudo_label,True,unetpp,efficientnet-b3,unlabeling_r7_max0/images,,0.05,0.95,0.99,15,52,92,True,0.87520280785332,0.8082956671714783,0.19929789006710052,0.8156484674229109,0.7143722176551819,0.9055,2.0627,7.4812,13.176
runs_final_v1,semi_r7,2,inca,pseudo_label,True,unetpp,efficientnet-b3,unlabeling_r7_max0/images,,0.05,0.95,0.99,15,58,98,True,0.8792560128959283,0.8430655598640442,0.1468755006790161,0.8431406401361786,0.7507504820823669,0.9136,2.3514,11.6779,18.754
runs_final_v1,semi_std_matched_r10,0,inca,pseudo_label,True,unetpp,efficientnet-b3,unlabeling_std_matched_r10/images,,0.05,0.95,0.99,15,25,65,True,0.8820136949866357,0.838420569896698,0.1619137078523636,0.8422636462421671,0.7482818365097046,0.9209,1.9189,8.451,16.176
runs_final_v1,semi_std_matched_r10,1,inca,pseudo_label,True,unetpp,efficientnet-b3,unlabeling_std_matched_r10/images,,0.05,0.95,0.99,15,17,57,True,0.8693409044811443,0.856558620929718,0.10829972475767136,0.854783459750026,0.7620582580566406,0.9243,2.0988,10.3726,18.549
runs_final_v1,semi_std_matched_r10,2,inca,pseudo_label,True,unetpp,efficientnet-b3,unlabeling_std_matched_r10/images,,0.05,0.95,0.99,15,23,63,True,0.8815345527617853,0.8398943543434143,0.16876493394374847,0.8452648304569055,0.7515073418617249,0.9096,2.2398,10.2123,15.102
runs_final_v1,semi_std_matched_r15,0,inca,pseudo_label,True,unetpp,efficientnet-b3,unlabeling_std_matched_r15/images,,0.05,0.95,0.99,15,28,68,True,0.8820457586728663,0.8638607263565063,0.09394554048776627,0.8597342967893287,0.7707733511924744,0.9335,2.0782,10.017,18.652
runs_final_v1,semi_std_matched_r15,1,inca,pseudo_label,True,unetpp,efficientnet-b3,unlabeling_std_matched_r15/images,,0.05,0.95,0.99,15,40,80,True,0.8744117526694157,0.8380206823348999,0.17339926958084106,0.8413758273558876,0.7491053938865662,0.913,2.0678,7.8761,13.333
runs_final_v1,semi_std_matched_r15,2,inca,pseudo_label,True,unetpp,efficientnet-b3,unlabeling_std_matched_r15/images,,0.05,0.95,0.99,15,66,106,True,0.8830055882297829,0.8360000252723694,0.15213017165660858,0.8365569316776451,0.741629421710968,0.9213,1.8016,6.6391,15.099
runs_final_v1,semi_std_matched_r20,0,inca,pseudo_label,True,unetpp,efficientnet-b3,unlabeling_std_matched_r20/images,,0.05,0.95,0.99,15,35,75,True,0.8803169025973172,0.7589386105537415,0.2844262719154358,0.7874181883068785,0.6745141744613647,0.8428,2.3294,8.5671,15.264
runs_final_v1,semi_std_matched_r20,1,inca,pseudo_label,True,unetpp,efficientnet-b3,unlabeling_std_matched_r20/images,,0.05,0.95,0.99,15,48,88,True,0.8757014825354923,0.82127845287323,0.20155739784240723,0.8294608990189908,0.7326310276985168,0.9041,2.1623,7.4731,15.333
runs_final_v1,semi_std_matched_r20,2,inca,pseudo_label,True,unetpp,efficientnet-b3,unlabeling_std_matched_r20/images,,0.05,0.95,0.99,15,30,70,True,0.8797869929745883,0.8380958437919617,0.1508565992116928,0.8416715487143631,0.7444635629653931,0.913,2.035,8.3593,16.915
runs_final_v1,semi_std_matched_r3,0,inca,pseudo_label,True,unetpp,efficientnet-b3,unlabeling_std_matched_r3/images,,0.05,0.95,0.99,15,64,104,True,0.8823346786704992,0.8294360637664795,0.18261782824993134,0.8354197726990906,0.7399893403053284,0.9164,2.1972,7.5355,16.027
runs_final_v1,semi_std_matched_r3,1,inca,pseudo_label,True,unetpp,efficientnet-b3,unlabeling_std_matched_r3/images,,0.05,0.95,0.99,15,17,57,True,0.8766744700213969,0.8363357186317444,0.1821320503950119,0.8433626368240353,0.7486706972122192,0.9117,2.2487,7.3785,15.116
runs_final_v1,semi_std_matched_r3,2,inca,pseudo_label,True,unetpp,efficientnet-b3,unlabeling_std_matched_r3/images,,0.05,0.95,0.99,15,31,71,True,0.8803355461290147,0.8394234776496887,0.1793525367975235,0.8439524659131552,0.7516205906867981,0.9076,2.8653,8.0985,15.789
runs_final_v1,semi_std_matched_r5,0,inca,pseudo_label,True,unetpp,efficientnet-b3,unlabeling_std_matched_r5/images,,0.05,0.95,0.99,15,20,60,True,0.8802116927140659,0.8316386938095093,0.1863311529159546,0.8364803735586184,0.7432743906974792,0.899,2.8388,10.8051,15.769
runs_final_v1,semi_std_matched_r5,1,inca,pseudo_label,True,unetpp,efficientnet-b3,unlabeling_std_matched_r5/images,,0.05,0.95,0.99,15,26,66,True,0.8731650598316674,0.8229323625564575,0.16599468886852264,0.8237300799256659,0.7261049747467041,0.9096,2.0519,8.2279,13.884
runs_final_v1,semi_std_matched_r5,2,inca,pseudo_label,True,unetpp,efficientnet-b3,unlabeling_std_matched_r5/images,,0.05,0.95,0.99,15,16,56,True,0.8774865491872933,0.8243597745895386,0.1811501681804657,0.8263093812471121,0.7306054830551147,0.905,1.6395,6.3831,12.146
runs_final_v1,semi_std_matched_r7,0,inca,pseudo_label,True,unetpp,efficientnet-b3,unlabeling_std_matched_r7/images,,0.05,0.95,0.99,15,58,98,True,0.8893376146174241,0.8254202604293823,0.1667676717042923,0.8262436411778746,0.7305221557617188,0.9136,1.769,6.5775,15.992
runs_final_v1,semi_std_matched_r7,1,inca,pseudo_label,True,unetpp,efficientnet-b3,unlabeling_std_matched_r7/images,,0.05,0.95,0.99,15,27,67,True,0.8745439690660369,0.8424215316772461,0.1473221629858017,0.8415904927150036,0.7497287392616272,0.9194,2.0473,7.5642,16.145
runs_final_v1,semi_std_matched_r7,2,inca,pseudo_label,True,unetpp,efficientnet-b3,unlabeling_std_matched_r7/images,,0.05,0.95,0.99,15,56,96,True,0.8777029183950691,0.790168046951294,0.2378723919391632,0.8015136507932437,0.7007046937942505,0.8865,4.2878,14.8862,15.124
runs_final_v1,supervised,0,inca,pseudo_label,False,unetpp,efficientnet-b3,unlabeling_r10_max0/images,,0.05,0.95,0.99,30,15,55,True,0.865548365823793,0.8069534301757812,0.15158586204051971,0.8075512848084879,0.6990131735801697,0.8861,2.79,13.2236,16.493
runs_final_v1,supervised,1,inca,pseudo_label,False,unetpp,efficientnet-b3,unlabeling_r10_max0/images,,0.05,0.95,0.99,30,22,62,True,0.8664451493560655,0.8157848119735718,0.15141604840755463,0.8159979889387552,0.7113054990768433,0.8933,2.3924,10.3105,14.898
runs_final_v1,supervised,2,inca,pseudo_label,False,unetpp,efficientnet-b3,unlabeling_r10_max0/images,,0.05,0.95,0.99,30,96,136,True,0.8732534845775202,0.778567373752594,0.24963036179542542,0.7943885664714294,0.6890525221824646,0.8657,2.2724,8.1354,17.281
runs_final_v1,supervised,3,inca,pseudo_label,False,unetpp,efficientnet-b3,unlabeling_r10_max0/images,,0.05,0.95,0.99,30,86,126,True,0.8784094754645698,0.8064058423042297,0.20342952013015747,0.8156477187578139,0.7124574184417725,0.8951,2.3369,9.2216,15.7
runs_final_v1,supervised,4,inca,pseudo_label,False,unetpp,efficientnet-b3,unlabeling_r10_max0/images,,0.05,0.95,0.99,30,89,129,True,0.8770856273475636,0.7997288107872009,0.19565211236476898,0.8067307790780478,0.7004424333572388,0.8874,2.2524,8.4283,15.398
runs_final_v1,supervised_bifpn_unet,0,inca,pseudo_label,False,bifpn_unet,vgg16,unlabeling_r10_max0/images,,0.05,0.95,0.99,30,76,116,True,0.8564310030088177,0.739331066608429,0.3083447515964508,0.7681865161389091,0.6556349396705627,0.8258,5.4345,13.5365,14.427
runs_final_v1,supervised_bifpn_unet,1,inca,pseudo_label,False,bifpn_unet,vgg16,unlabeling_r10_max0/images,,0.05,0.95,0.99,30,136,176,True,0.8622753502341539,0.7666450142860413,0.3059174716472626,0.8024111656125457,0.6932792067527771,0.8384,4.4626,11.6584,14.865
runs_final_v1,supervised_bifpn_unet,2,inca,pseudo_label,False,bifpn_unet,vgg16,unlabeling_r10_max0/images,,0.05,0.95,0.99,30,211,251,True,0.8688406404553032,0.7582890391349792,0.3111870288848877,0.7926842388376789,0.684262216091156,0.8349,7.3034,16.6123,15.568
runs_final_v1,supervised_bifpn_unet,3,inca,pseudo_label,False,bifpn_unet,vgg16,unlabeling_r10_max0/images,,0.05,0.95,0.99,30,113,153,True,0.8708167354912252,0.7695276737213135,0.28974640369415283,0.7960264770965297,0.6911064982414246,0.8488,3.8287,10.5355,13.035
runs_final_v1,supervised_bifpn_unet,4,inca,pseudo_label,False,bifpn_unet,vgg16,unlabeling_r10_max0/images,,0.05,0.95,0.99,30,110,150,True,0.8482590908714319,0.7591126561164856,0.25346896052360535,0.7759717243923161,0.6636747717857361,0.8571,3.2588,9.6094,8.756
runs_final_v1,supervised_bifpn_unet_pretrained,0,inca,pseudo_label,False,bifpn_unet,vgg16,unlabeling_r10_max0/images,,0.05,0.95,0.99,30,174,214,True,0.8622545941639564,0.7479678392410278,0.2921944260597229,0.7803838613142192,0.6620405912399292,0.8315,4.7646,12.9964,15.815
runs_final_v1,supervised_bifpn_unet_pretrained,1,inca,pseudo_label,False,bifpn_unet,vgg16,unlabeling_r10_max0/images,,0.05,0.95,0.99,30,103,143,True,0.8652888896183196,0.7610234618186951,0.32299506664276123,0.7964373817327658,0.6929665803909302,0.8306,5.6509,14.2768,14.684
runs_final_v1,supervised_bifpn_unet_pretrained,2,inca,pseudo_label,False,bifpn_unet,vgg16,unlabeling_r10_max0/images,,0.05,0.95,0.99,30,121,161,True,0.8579433364824374,0.7685378789901733,0.2871657907962799,0.7941847806998158,0.6889702677726746,0.8521,4.2989,11.7037,15.345
runs_final_v1,supervised_bifpn_unet_pretrained,3,inca,pseudo_label,False,bifpn_unet,vgg16,unlabeling_r10_max0/images,,0.05,0.95,0.99,30,216,256,True,0.8687464219486224,0.7511489987373352,0.2918452024459839,0.7802797715718656,0.6665780544281006,0.8454,3.8283,11.4282,10.409
runs_final_v1,supervised_bifpn_unet_pretrained,4,inca,pseudo_label,False,bifpn_unet,vgg16,unlabeling_r10_max0/images,,0.05,0.95,0.99,30,149,189,True,0.8603589899597232,0.782356321811676,0.25298741459846497,0.799043443602631,0.6957629919052124,0.8663,3.1352,10.4872,11.456
runs_final_v1,supervised_deeplabv3plus,0,inca,pseudo_label,False,deeplabv3plus,efficientnet-b3,unlabeling_r10_max0/images,,0.05,0.95,0.99,30,12,52,True,0.821044003727925,0.7394134402275085,0.2815855145454407,0.7693327148627713,0.6443057656288147,0.8346,2.0393,6.9343,10.148
runs_final_v1,supervised_deeplabv3plus,1,inca,pseudo_label,False,deeplabv3plus,efficientnet-b3,unlabeling_r10_max0/images,,0.05,0.95,0.99,30,14,54,True,0.8251551328739839,0.7521878480911255,0.23578563332557678,0.7707683996172698,0.644764244556427,0.8748,2.2562,7.3945,7.011
runs_final_v1,supervised_deeplabv3plus,2,inca,pseudo_label,False,deeplabv3plus,efficientnet-b3,unlabeling_r10_max0/images,,0.05,0.95,0.99,30,16,56,True,0.8206770197166108,0.7477948665618896,0.2434510737657547,0.7654920763998894,0.6417077779769897,0.8645,2.1573,6.9027,9.678
runs_final_v1,supervised_deeplabv3plus,3,inca,pseudo_label,False,deeplabv3plus,efficientnet-b3,unlabeling_r10_max0/images,,0.05,0.95,0.99,30,86,126,True,0.853355637869237,0.8107737898826599,0.14457687735557556,0.812089962678839,0.7014477849006653,0.9139,2.2614,7.9489,10.642
runs_final_v1,supervised_deeplabv3plus,4,inca,pseudo_label,False,deeplabv3plus,efficientnet-b3,unlabeling_r10_max0/images,,0.05,0.95,0.99,30,90,130,True,0.859304284628143,0.8281612992286682,0.13733944296836853,0.8266313684073315,0.7256635427474976,0.9361,1.6953,6.1551,11.326
runs_final_v1,supervised_fpn,0,inca,pseudo_label,False,fpn,efficientnet-b3,unlabeling_r10_max0/images,,0.05,0.95,0.99,30,20,60,True,0.8448273014083113,0.7991795539855957,0.1652667373418808,0.803169113780284,0.6895555257797241,0.9058,2.116,6.7291,12.726
runs_final_v1,supervised_fpn,1,inca,pseudo_label,False,fpn,efficientnet-b3,unlabeling_r10_max0/images,,0.05,0.95,0.99,30,23,63,True,0.8486307553408686,0.805592954158783,0.16950033605098724,0.8127252095315578,0.7003494501113892,0.9048,2.1935,7.3172,13.743
runs_final_v1,supervised_fpn,2,inca,pseudo_label,False,fpn,efficientnet-b3,unlabeling_r10_max0/images,,0.05,0.95,0.99,30,16,56,True,0.8483771139528217,0.8178295493125916,0.14260922372341156,0.8193405896855375,0.7116448283195496,0.9237,1.8771,5.4375,17.095
runs_final_v1,supervised_fpn,3,inca,pseudo_label,False,fpn,efficientnet-b3,unlabeling_r10_max0/images,,0.05,0.95,0.99,30,64,104,True,0.8519428067796282,0.7564736604690552,0.17738944292068481,0.75108995293529,0.6366254687309265,0.8834,2.3183,7.3866,9.032
runs_final_v1,supervised_fpn,4,inca,pseudo_label,False,fpn,efficientnet-b3,unlabeling_r10_max0/images,,0.05,0.95,0.99,30,17,57,True,0.8418498266088081,0.814224898815155,0.14957550168037415,0.8197495187807375,0.7078447937965393,0.9169,1.879,5.8658,14.594
runs_final_v1,supervised_frac25,0,inca,pseudo_label,False,unetpp,efficientnet-b3,unlabeling_r10_max0/images,/content/drive/MyDrive/UNM_vertebras_seg_v3/label_fractions/frac_25/stems.txt,0.05,0.95,0.99,30,124,164,True,0.8517945466067623,0.8101775646209717,0.1719709187746048,0.8072929779152238,0.7077325582504272,0.9063,2.236,7.7073,11.435
runs_final_v1,supervised_frac25,1,inca,pseudo_label,False,unetpp,efficientnet-b3,unlabeling_r10_max0/images,/content/drive/MyDrive/UNM_vertebras_seg_v3/label_fractions/frac_25/stems.txt,0.05,0.95,0.99,30,84,124,True,0.8530674051075846,0.8207511901855469,0.15946240723133087,0.8228143147061191,0.7202770113945007,0.9099,1.9862,8.2385,16.373
runs_final_v1,supervised_frac25,2,inca,pseudo_label,False,unetpp,efficientnet-b3,unlabeling_r10_max0/images,/content/drive/MyDrive/UNM_vertebras_seg_v3/label_fractions/frac_25/stems.txt,0.05,0.95,0.99,30,93,133,True,0.857517416404735,0.8034495115280151,0.17823761701583862,0.800370044772964,0.700560986995697,0.8997,2.2139,7.5386,12.326
runs_final_v1,supervised_frac25,3,inca,pseudo_label,False,unetpp,efficientnet-b3,unlabeling_r10_max0/images,/content/drive/MyDrive/UNM_vertebras_seg_v3/label_fractions/frac_25/stems.txt,0.05,0.95,0.99,30,83,123,True,0.8491827383387625,0.7949728965759277,0.18167120218276978,0.7959463641047984,0.6900248527526855,0.8924,2.3519,8.5393,18.453
runs_final_v1,supervised_frac25,4,inca,pseudo_label,False,unetpp,efficientnet-b3,unlabeling_r10_max0/images,/content/drive/MyDrive/UNM_vertebras_seg_v3/label_fractions/frac_25/stems.txt,0.05,0.95,0.99,30,71,111,True,0.8538973095222852,0.8045487999916077,0.17590801417827606,0.8061760975406048,0.701429545879364,0.9008,2.2992,9.2827,17.323
runs_final_v1,supervised_frac50,0,inca,pseudo_label,False,unetpp,efficientnet-b3,unlabeling_r10_max0/images,/content/drive/MyDrive/UNM_vertebras_seg_v3/label_fractions/frac_50/stems.txt,0.05,0.95,0.99,30,60,100,True,0.8629347127717312,0.8315384387969971,0.13295100629329681,0.828254820600035,0.7297176718711853,0.905,2.6237,13.4099,17.35
runs_final_v1,supervised_frac50,1,inca,pseudo_label,False,unetpp,efficientnet-b3,unlabeling_r10_max0/images,/content/drive/MyDrive/UNM_vertebras_seg_v3/label_fractions/frac_50/stems.txt,0.05,0.95,0.99,30,57,97,True,0.8654346430615346,0.8190388083457947,0.1720414161682129,0.8213290080587858,0.7206034064292908,0.9064,2.2749,9.8452,14.035
runs_final_v1,supervised_frac50,2,inca,pseudo_label,False,unetpp,efficientnet-b3,unlabeling_r10_max0/images,/content/drive/MyDrive/UNM_vertebras_seg_v3/label_fractions/frac_50/stems.txt,0.05,0.95,0.99,30,86,126,True,0.860497623706288,0.7971466183662415,0.21116864681243896,0.8042453556790596,0.7015200257301331,0.8879,1.9838,7.5074,13.525
runs_final_v1,supervised_frac50,3,inca,pseudo_label,False,unetpp,efficientnet-b3,unlabeling_r10_max0/images,/content/drive/MyDrive/UNM_vertebras_seg_v3/label_fractions/frac_50/stems.txt,0.05,0.95,0.99,30,47,87,True,0.8695955030690661,0.844085156917572,0.11758014559745789,0.8419411420771675,0.7447322010993958,0.9119,2.089,9.5162,15.532
runs_final_v1,supervised_frac50,4,inca,pseudo_label,False,unetpp,efficientnet-b3,unlabeling_r10_max0/images,/content/drive/MyDrive/UNM_vertebras_seg_v3/label_fractions/frac_50/stems.txt,0.05,0.95,0.99,30,91,131,True,0.8684593617605799,0.8218956589698792,0.16774800419807434,0.8229063353474876,0.7236116528511047,0.9036,2.2608,8.4039,14.477
runs_final_v1,supervised_frac75,0,inca,pseudo_label,False,unetpp,efficientnet-b3,unlabeling_r10_max0/images,/content/drive/MyDrive/UNM_vertebras_seg_v3/label_fractions/frac_75/stems.txt,0.05,0.95,0.99,30,81,121,True,0.8761067029885075,0.8080733418464661,0.20640014111995697,0.8170477030653284,0.7151857614517212,0.8885,1.9186,7.523,16.392
runs_final_v1,supervised_frac75,1,inca,pseudo_label,False,unetpp,efficientnet-b3,unlabeling_r10_max0/images,/content/drive/MyDrive/UNM_vertebras_seg_v3/label_fractions/frac_75/stems.txt,0.05,0.95,0.99,30,75,115,True,0.8765654121563642,0.818535327911377,0.16774047911167145,0.8211722108628738,0.7198771834373474,0.8948,2.8138,16.3888,16.111
runs_final_v1,supervised_frac75,2,inca,pseudo_label,False,unetpp,efficientnet-b3,unlabeling_r10_max0/images,/content/drive/MyDrive/UNM_vertebras_seg_v3/label_fractions/frac_75/stems.txt,0.05,0.95,0.99,30,94,134,True,0.8693676950391365,0.8415827751159668,0.15344640612602234,0.8405985368660615,0.7500556707382202,0.9165,1.9183,7.4358,14.378
runs_final_v1,supervised_frac75,3,inca,pseudo_label,False,unetpp,efficientnet-b3,unlabeling_r10_max0/images,/content/drive/MyDrive/UNM_vertebras_seg_v3/label_fractions/frac_75/stems.txt,0.05,0.95,0.99,30,52,92,True,0.8688423130314062,0.8259187936782837,0.1663656234741211,0.827497787788177,0.7310377955436707,0.9154,1.9356,7.2966,13.731
runs_final_v1,supervised_frac75,4,inca,pseudo_label,False,unetpp,efficientnet-b3,unlabeling_r10_max0/images,/content/drive/MyDrive/UNM_vertebras_seg_v3/label_fractions/frac_75/stems.txt,0.05,0.95,0.99,30,41,81,True,0.8731724183343708,0.8491324782371521,0.12900599837303162,0.8484544711328452,0.754626989364624,0.9239,1.8421,7.973,14.701
runs_final_v1,supervised_fromscratch_debug,0,unm,pseudo_label,False,unetpp,efficientnet-b3,unlabeling_r10_max0/images,,0.05,0.95,0.99,30,86,126,True,0.8687722309786428,0.7509154677391052,0.3175044059753418,0.7789846335390169,0.6767492890357971,0.8311,3.9819,11.3825,13.554
runs_final_v1,supervised_fromscratch,1,unm,pseudo_label,False,unetpp,efficientnet-b3,unlabeling_r10_max0/images,,0.05,0.95,0.99,30,94,134,True,0.8604013836197547,0.7983144521713257,0.22228609025478363,0.8094327281372347,0.7059637904167175,0.8943,2.3933,8.3461,15.865
runs_final_v1,supervised_fromscratch,2,unm,pseudo_label,False,unetpp,efficientnet-b3,unlabeling_r10_max0/images,,0.05,0.95,0.99,30,67,107,True,0.8682360703432881,0.7804136872291565,0.2348719835281372,0.7991174036954639,0.6866446137428284,0.8801,2.3683,9.6182,12.855
runs_final_v1,supervised_transunet,0,inca,pseudo_label,False,transunet,R50-ViT-B_16,unlabeling_r10_max0/images,,0.05,0.95,0.99,30,107,147,True,0.8845033809900426,0.8546172380447388,0.11207063496112823,0.8450889353288171,0.7599206566810608,0.9421,2.1452,9.4337,12.928
runs_final_v1,supervised_transunet,1,inca,pseudo_label,False,transunet,R50-ViT-B_16,unlabeling_r10_max0/images,,0.05,0.95,0.99,30,57,97,True,0.8907133044307872,0.8626733422279358,0.10617637634277344,0.8581693383311707,0.7709606885910034,0.9438,1.636,6.4592,11.752
runs_final_v1,supervised_transunet,2,inca,pseudo_label,False,transunet,R50-ViT-B_16,unlabeling_r10_max0/images,,0.05,0.95,0.99,30,69,109,True,0.889180638005668,0.857242226600647,0.11730340123176575,0.8502948107623199,0.7647794485092163,0.9457,1.8117,6.6267,11.294
runs_final_v1,supervised_transunet,3,inca,pseudo_label,False,transunet,R50-ViT-B_16,unlabeling_r10_max0/images,,0.05,0.95,0.99,30,59,99,True,0.8861324065261706,0.8408349752426147,0.12406527251005173,0.8328478359277103,0.7427719235420227,0.9239,1.9792,8.906,12.254
runs_final_v1,supervised_transunet,4,inca,pseudo_label,False,transunet,R50-ViT-B_16,unlabeling_r10_max0/images,,0.05,0.95,0.99,30,90,130,True,0.8846976103370827,0.838257908821106,0.1150483787059784,0.8280521167035908,0.7370121479034424,0.9166,2.0196,9.3679,9.462
runs_final_v1,supervised_unet,0,inca,pseudo_label,False,unet,efficientnet-b3,unlabeling_r10_max0/images,,0.05,0.95,0.99,30,31,71,True,0.8637228329482132,0.8527781367301941,0.1298893541097641,0.8493897625242848,0.7610933184623718,0.9328,1.7372,6.8049,14.208
runs_final_v1,supervised_unet,1,inca,pseudo_label,False,unet,efficientnet-b3,unlabeling_r10_max0/images,,0.05,0.95,0.99,30,69,109,True,0.8711323141168976,0.8451845645904541,0.1415746808052063,0.8453700869801428,0.7527486681938171,0.9292,1.808,6.7489,15.884
runs_final_v1,supervised_unet,2,inca,pseudo_label,False,unet,efficientnet-b3,unlabeling_r10_max0/images,,0.05,0.95,0.99,30,56,96,True,0.873413112202796,0.7872973680496216,0.24421028792858124,0.801408837810193,0.6999216079711914,0.8812,2.4825,9.3856,15.948
runs_final_v1,supervised_unet,3,inca,pseudo_label,False,unet,efficientnet-b3,unlabeling_r10_max0/images,,0.05,0.95,0.99,30,144,184,True,0.8700682710495152,0.7916575074195862,0.2243632823228836,0.800326497295786,0.6982786655426025,0.8868,2.2393,7.1614,13.252
runs_final_v1,supervised_unet,4,inca,pseudo_label,False,unet,efficientnet-b3,unlabeling_r10_max0/images,,0.05,0.95,0.99,30,57,97,True,0.8761041642759828,0.8422417044639587,0.14953501522541046,0.8414628196742799,0.750118613243103,0.9158,2.1835,11.8674,14.207
runs_inca_final_v1,mean_teacher_inca_all_lateral,0,inca,mean_teacher,True,unetpp,efficientnet-b3,unlabeled_all,,0.05,0.95,0.99,7,32,72,True,0.898975305785907,0.908064603805542,0.05760396271944046,0.908476831244569,0.8362036347389221,0.9686,1.6263,8.7449,
runs_inca_final_v1,mean_teacher_inca_all_lateral,1,inca,mean_teacher,True,unetpp,efficientnet-b3,unlabeled_all,,0.05,0.95,0.99,7,44,84,True,0.8993945270855082,0.8994938135147095,0.05901287868618965,0.9001758743490684,0.822127640247345,0.9647,1.2241,5.7666,
runs_inca_final_v1,mean_teacher_inca_all_lateral,2,inca,mean_teacher,True,unetpp,efficientnet-b3,unlabeled_all,,0.05,0.95,0.99,7,32,72,True,0.9005986488513051,0.910068154335022,0.055118586868047714,0.9115503564467791,0.8392624855041504,0.9729,1.1061,4.8471,
runs_inca_final_v1,mean_teacher_inca_all_lateral_patient10,0,inca,mean_teacher,True,unetpp,efficientnet-b3,unlabeled_all,/content/drive/MyDrive/UNM_vertebras_seg_v3/data/inca_dataset/label_fractions/patient_frac_10/stems.txt,0.05,0.95,0.99,7,25,65,True,0.8387596945364123,0.8572564125061035,0.059689298272132874,0.8587325148186894,0.7547240853309631,0.9274,3.5309,22.9993,
runs_inca_final_v1,mean_teacher_inca_all_lateral_patient10,1,inca,mean_teacher,True,unetpp,efficientnet-b3,unlabeled_all,/content/drive/MyDrive/UNM_vertebras_seg_v3/data/inca_dataset/label_fractions/patient_frac_10/stems.txt,0.05,0.95,0.99,7,40,80,True,0.8415401289911012,0.8579069972038269,0.060139406472444534,0.8597956954936093,0.7557901740074158,0.9397,2.0855,10.787,
runs_inca_final_v1,mean_teacher_inca_all_lateral_patient10,2,inca,mean_teacher,True,unetpp,efficientnet-b3,unlabeled_all,/content/drive/MyDrive/UNM_vertebras_seg_v3/data/inca_dataset/label_fractions/patient_frac_10/stems.txt,0.05,0.95,0.99,7,33,73,True,0.8410020056131229,0.8641557097434998,0.06422125548124313,0.8663032745245899,0.7660093307495117,0.9423,1.9436,9.1656,
runs_inca_final_v1,mean_teacher_inca_r10,0,inca,mean_teacher,True,unetpp,efficientnet-b3,unlabeled_r10,,0.05,0.95,0.99,7,9,49,True,0.8968756417661264,0.904826819896698,0.050659697502851486,0.9056667375535719,0.8297616243362427,0.9696,1.1434,4.9027,
runs_inca_final_v1,mean_teacher_inca_r10,1,inca,mean_teacher,True,unetpp,efficientnet-b3,unlabeled_r10,,0.05,0.95,0.99,7,16,56,True,0.8984517637292477,0.9061993360519409,0.05711546912789345,0.9080265055649772,0.8329908847808838,0.97,1.2302,5.2078,
runs_inca_final_v1,mean_teacher_inca_r10,2,inca,mean_teacher,True,unetpp,efficientnet-b3,unlabeled_r10,,0.05,0.95,0.99,7,13,53,True,0.8976636478008045,0.9068435430526733,0.05653098598122597,0.9079529093284616,0.8339861035346985,0.9718,1.1463,5.1279,
runs_inca_final_v1,mean_teacher_inca_r10_lambda1,0,inca,mean_teacher,True,unetpp,efficientnet-b3,unlabeled_r10,,1.0,0.95,0.99,7,16,56,True,0.8972748789118717,0.9077881574630737,0.052010390907526016,0.908884532269821,0.8349073529243469,0.9714,1.1365,5.0821,
runs_inca_final_v1,mean_teacher_inca_r10_lambda1,1,inca,mean_teacher,True,unetpp,efficientnet-b3,unlabeled_r10,,1.0,0.95,0.99,7,13,53,True,0.9002129923905092,0.9005435109138489,0.05496995523571968,0.9024301704592534,0.8232871890068054,0.9654,1.8379,11.5015,
runs_inca_final_v1,mean_teacher_inca_r10_lambda1,2,inca,mean_teacher,True,unetpp,efficientnet-b3,unlabeled_r10,,1.0,0.95,0.99,7,42,82,True,0.8985005665696181,0.9064815640449524,0.056627437472343445,0.9082077890449042,0.8334223031997681,0.9716,1.107,4.954,
runs_inca_final_v1,mean_teacher_inca_r10_patient10,0,inca,mean_teacher,True,unetpp,efficientnet-b3,unlabeled_r10,/content/drive/MyDrive/UNM_vertebras_seg_v3/data/inca_dataset/label_fractions/patient_frac_10/stems.txt,0.05,0.95,0.99,7,25,65,True,0.8382539523481554,0.8678581118583679,0.05379372090101242,0.869732080769867,0.7703314423561096,0.9448,2.372,11.0472,
runs_inca_final_v1,mean_teacher_inca_r10_patient10,1,inca,mean_teacher,True,unetpp,efficientnet-b3,unlabeled_r10,/content/drive/MyDrive/UNM_vertebras_seg_v3/data/inca_dataset/label_fractions/patient_frac_10/stems.txt,0.05,0.95,0.99,7,56,96,True,0.8395997203416844,0.8598977327346802,0.06109553948044777,0.8620255493784551,0.759036660194397,0.9369,2.4163,12.3083,
runs_inca_final_v1,mean_teacher_inca_r10_patient10,2,inca,mean_teacher,True,unetpp,efficientnet-b3,unlabeled_r10,/content/drive/MyDrive/UNM_vertebras_seg_v3/data/inca_dataset/label_fractions/patient_frac_10/stems.txt,0.05,0.95,0.99,7,128,168,True,0.848655594804054,0.8685730695724487,0.05818488076329231,0.8701479702941682,0.7720578908920288,0.9419,2.2692,12.6844,
runs_inca_final_v1,mean_teacher_inca_r10_patient10,3,inca,mean_teacher,True,unetpp,efficientnet-b3,unlabeled_r10,/content/drive/MyDrive/UNM_vertebras_seg_v3/data/inca_dataset/label_fractions/patient_frac_10/stems.txt,0.05,0.95,0.99,7,53,93,True,0.8389598211594295,0.8532175421714783,0.05312388017773628,0.8546787463720923,0.7475485801696777,0.9059,5.2362,37.5041,
runs_inca_final_v1,mean_teacher_inca_r10_patient10,4,inca,mean_teacher,True,unetpp,efficientnet-b3,unlabeled_r10,/content/drive/MyDrive/UNM_vertebras_seg_v3/data/inca_dataset/label_fractions/patient_frac_10/stems.txt,0.05,0.95,0.99,7,34,74,True,0.8417239556594861,0.8650844693183899,0.05674556642770767,0.8672279559837921,0.7663653492927551,0.9359,2.3686,11.4173,
runs_inca_final_v1,mean_teacher_inca_r10_patient10_lambda1,0,inca,mean_teacher,True,unetpp,efficientnet-b3,unlabeled_r10,/content/drive/MyDrive/UNM_vertebras_seg_v3/data/inca_dataset/label_fractions/patient_frac_10/stems.txt,1.0,0.95,0.99,7,19,59,True,0.7687255566349978,0.8424938917160034,0.07344738394021988,0.8453902885124969,0.734168291091919,0.9331,2.2083,7.6797,
runs_inca_final_v1,mean_teacher_inca_r10_patient10_lambda1,1,inca,mean_teacher,True,unetpp,efficientnet-b3,unlabeled_r10,/content/drive/MyDrive/UNM_vertebras_seg_v3/data/inca_dataset/label_fractions/patient_frac_10/stems.txt,1.0,0.95,0.99,7,23,63,True,0.8097964730410873,0.84138423204422,0.06559285521507263,0.8426999089202293,0.7313619256019592,0.8949,6.093,47.3469,
runs_inca_final_v1,mean_teacher_inca_r10_patient10_lambda1,2,inca,mean_teacher,True,unetpp,efficientnet-b3,unlabeled_r10,/content/drive/MyDrive/UNM_vertebras_seg_v3/data/inca_dataset/label_fractions/patient_frac_10/stems.txt,1.0,0.95,0.99,7,18,58,True,0.798855182894729,0.8518804907798767,0.06184319034218788,0.8535193491409548,0.746674120426178,0.9343,2.2541,10.6381,
runs_inca_final_v1,mean_teacher_inca_r10_patient25,0,inca,mean_teacher,True,unetpp,efficientnet-b3,unlabeled_r10,/content/drive/MyDrive/UNM_vertebras_seg_v3/data/inca_dataset/label_fractions/patient_frac_25/stems.txt,0.05,0.95,0.99,7,30,70,True,0.8837478078370348,0.8821475505828857,0.050048988312482834,0.8825533189930895,0.7925050258636475,0.9548,1.623,7.0814,
runs_inca_final_v1,mean_teacher_inca_r10_patient25,1,inca,mean_teacher,True,unetpp,efficientnet-b3,unlabeled_r10,/content/drive/MyDrive/UNM_vertebras_seg_v3/data/inca_dataset/label_fractions/patient_frac_25/stems.txt,0.05,0.95,0.99,7,49,89,True,0.8792956722670395,0.8912053108215332,0.054026469588279724,0.8923806726651968,0.8077436685562134,0.9621,1.3953,5.4222,
runs_inca_final_v1,mean_teacher_inca_r10_patient25,2,inca,mean_teacher,True,unetpp,efficientnet-b3,unlabeled_r10,/content/drive/MyDrive/UNM_vertebras_seg_v3/data/inca_dataset/label_fractions/patient_frac_25/stems.txt,0.05,0.95,0.99,7,29,69,True,0.878493178155112,0.8897950649261475,0.05514883995056152,0.8905978387483098,0.8056379556655884,0.9578,1.4385,6.3666,
runs_inca_final_v1,mean_teacher_inca_r10_patient50,0,inca,mean_teacher,True,unetpp,efficientnet-b3,unlabeled_r10,/content/drive/MyDrive/UNM_vertebras_seg_v3/data/inca_dataset/label_fractions/patient_frac_50/stems.txt,0.05,0.95,0.99,7,18,58,True,0.888674813649131,0.8941994905471802,0.05680086836218834,0.8951570853030841,0.8130761981010437,0.9572,1.7964,10.7712,
runs_inca_final_v1,mean_teacher_inca_r10_patient50,1,inca,mean_teacher,True,unetpp,efficientnet-b3,unlabeled_r10,/content/drive/MyDrive/UNM_vertebras_seg_v3/data/inca_dataset/label_fractions/patient_frac_50/stems.txt,0.05,0.95,0.99,7,14,54,True,0.8927561870328301,0.8991096615791321,0.05163462087512016,0.9006982646868811,0.8204427361488342,0.9676,1.2383,5.079,
runs_inca_final_v1,mean_teacher_inca_r10_patient50,2,inca,mean_teacher,True,unetpp,efficientnet-b3,unlabeled_r10,/content/drive/MyDrive/UNM_vertebras_seg_v3/data/inca_dataset/label_fractions/patient_frac_50/stems.txt,0.05,0.95,0.99,7,11,51,True,0.8893582523225757,0.8985978960990906,0.0544845387339592,0.9000814183406277,0.8199391961097717,0.9643,1.376,5.9273,
runs_inca_final_v1,mean_teacher_inca_r15,0,inca,mean_teacher,True,unetpp,efficientnet-b3,unlabeled_r15,,0.05,0.95,0.99,7,37,77,True,0.9003007116199377,0.909831166267395,0.053621239960193634,0.9102168448622828,0.8386116623878479,0.9759,1.0441,4.5812,
runs_inca_final_v1,mean_teacher_inca_r15,1,inca,mean_teacher,True,unetpp,efficientnet-b3,unlabeled_r15,,0.05,0.95,0.99,7,31,71,True,0.8960552969961452,0.9056547284126282,0.057641346007585526,0.906343067767888,0.8321517705917358,0.968,1.1732,5.4061,
runs_inca_final_v1,mean_teacher_inca_r15,2,inca,mean_teacher,True,unetpp,efficientnet-b3,unlabeled_r15,,0.05,0.95,0.99,7,16,56,True,0.8985730308799523,0.9028499722480774,0.0538896843791008,0.9035622610928664,0.8269638419151306,0.9637,1.406,7.1533,
runs_inca_final_v1,mean_teacher_inca_r20,0,inca,mean_teacher,True,unetpp,efficientnet-b3,unlabeled_r20,,0.05,0.95,0.99,7,29,69,True,0.8990524291366496,0.9073270559310913,0.05501631647348404,0.908748039379361,0.8346155881881714,0.9724,1.0945,4.7681,
runs_inca_final_v1,mean_teacher_inca_r20,1,inca,mean_teacher,True,unetpp,efficientnet-b3,unlabeled_r20,,0.05,0.95,0.99,7,47,87,True,0.897401486204421,0.9023932814598083,0.05820361524820328,0.9031001880743648,0.8267942667007446,0.9658,1.2009,5.4284,
runs_inca_final_v1,mean_teacher_inca_r20,2,inca,mean_teacher,True,unetpp,efficientnet-b3,unlabeled_r20,,0.05,0.95,0.99,7,21,61,True,0.8974829931971462,0.909891664981842,0.053726933896541595,0.9107406564021528,0.8387295603752136,0.9723,1.1139,4.4939,
runs_inca_final_v1,mean_teacher_inca_r20_patient10,0,inca,mean_teacher,True,unetpp,efficientnet-b3,unlabeled_r20,/content/drive/MyDrive/UNM_vertebras_seg_v3/data/inca_dataset/label_fractions/patient_frac_10/stems.txt,0.05,0.95,0.99,7,25,65,True,0.8390964812435192,0.860628604888916,0.06217682734131813,0.8624462794385475,0.7603229880332947,0.9328,2.957,16.2678,
runs_inca_final_v1,mean_teacher_inca_r20_patient10,1,inca,mean_teacher,True,unetpp,efficientnet-b3,unlabeled_r20,/content/drive/MyDrive/UNM_vertebras_seg_v3/data/inca_dataset/label_fractions/patient_frac_10/stems.txt,0.05,0.95,0.99,7,19,59,True,0.8390456666024133,0.856326699256897,0.05303671211004257,0.8578945078846266,0.7522801160812378,0.9406,2.0377,9.0316,
runs_inca_final_v1,mean_teacher_inca_r20_patient10,2,inca,mean_teacher,True,unetpp,efficientnet-b3,unlabeled_r20,/content/drive/MyDrive/UNM_vertebras_seg_v3/data/inca_dataset/label_fractions/patient_frac_10/stems.txt,0.05,0.95,0.99,7,20,60,True,0.8405643383658777,0.8503949046134949,0.057311560958623886,0.8522213137093647,0.7437893748283386,0.9208,3.7266,22.7984,
runs_inca_final_v1,mean_teacher_inca_r3,0,inca,mean_teacher,True,unetpp,efficientnet-b3,unlabeled_r3,,0.05,0.95,0.99,7,44,84,True,0.8965928673634265,0.9067250490188599,0.05626586079597473,0.9078855690340878,0.8337591886520386,0.971,1.1257,4.7675,
runs_inca_final_v1,mean_teacher_inca_r3,1,inca,mean_teacher,True,unetpp,efficientnet-b3,unlabeled_r3,,0.05,0.95,0.99,7,46,86,True,0.8971161077789446,0.9078472852706909,0.05451815947890282,0.9091777892418771,0.8354054093360901,0.9735,1.0958,4.5865,
runs_inca_final_v1,mean_teacher_inca_r3,2,inca,mean_teacher,True,unetpp,efficientnet-b3,unlabeled_r3,,0.05,0.95,0.99,7,17,57,True,0.8979441054108257,0.9095446467399597,0.05210323631763458,0.911192160068134,0.8379016518592834,0.9736,1.1143,4.6844,
runs_inca_final_v1,mean_teacher_inca_r3_patient10,0,inca,mean_teacher,True,unetpp,efficientnet-b3,unlabeled_r3,/content/drive/MyDrive/UNM_vertebras_seg_v3/data/inca_dataset/label_fractions/patient_frac_10/stems.txt,0.05,0.95,0.99,7,26,66,True,0.8441453893256397,0.8551802635192871,0.05277010425925255,0.8565709981264795,0.7505277395248413,0.9197,3.3221,22.3512,
runs_inca_final_v1,mean_teacher_inca_r3_patient10,1,inca,mean_teacher,True,unetpp,efficientnet-b3,unlabeled_r3,/content/drive/MyDrive/UNM_vertebras_seg_v3/data/inca_dataset/label_fractions/patient_frac_10/stems.txt,0.05,0.95,0.99,7,36,76,True,0.8162194844495254,0.8565607666969299,0.06108146160840988,0.8584472923517185,0.7538489699363708,0.9315,2.5439,13.6198,
runs_inca_final_v1,mean_teacher_inca_r3_patient10,2,inca,mean_teacher,True,unetpp,efficientnet-b3,unlabeled_r3,/content/drive/MyDrive/UNM_vertebras_seg_v3/data/inca_dataset/label_fractions/patient_frac_10/stems.txt,0.05,0.95,0.99,7,32,72,True,0.8459731127576113,0.868590772151947,0.0581551231443882,0.8709895101209877,0.7720621824264526,0.9469,1.8582,6.955,
runs_inca_final_v1,mean_teacher_inca_r5,0,inca,mean_teacher,True,unetpp,efficientnet-b3,unlabeled_r5,,0.05,0.95,0.99,7,7,47,True,0.8994294352234314,0.9026663899421692,0.053563687950372696,0.9035860873001036,0.8265464305877686,0.9684,1.1582,4.9888,
runs_inca_final_v1,mean_teacher_inca_r5,1,inca,mean_teacher,True,unetpp,efficientnet-b3,unlabeled_r5,,0.05,0.95,0.99,7,20,60,True,0.8973149295987218,0.9027040004730225,0.057707779109478,0.9043338196098798,0.8272852897644043,0.9637,1.3008,6.6816,
runs_inca_final_v1,mean_teacher_inca_r5,2,inca,mean_teacher,True,unetpp,efficientnet-b3,unlabeled_r5,,0.05,0.95,0.99,7,19,59,True,0.8991620918808294,0.9079920053482056,0.05309494212269783,0.9094147152727976,0.8354233503341675,0.9708,1.1288,4.9279,
runs_inca_final_v1,mean_teacher_inca_r7,0,inca,mean_teacher,True,unetpp,efficientnet-b3,unlabeled_r7,,0.05,0.95,0.99,7,17,57,True,0.8977267687830721,0.9016922116279602,0.05591552332043648,0.9019497841582964,0.8253084421157837,0.9616,1.625,9.3404,
runs_inca_final_v1,mean_teacher_inca_r7,1,inca,mean_teacher,True,unetpp,efficientnet-b3,unlabeled_r7,,0.05,0.95,0.99,7,23,63,True,0.8972024929009997,0.9082693457603455,0.05505167320370674,0.9092706406283243,0.8361430168151855,0.9702,1.1273,4.7831,
runs_inca_final_v1,mean_teacher_inca_r7,2,inca,mean_teacher,True,unetpp,efficientnet-b3,unlabeled_r7,,0.05,0.95,0.99,7,49,89,True,0.8977739573419593,0.8978460431098938,0.058843813836574554,0.899028224602733,0.8194181323051453,0.9636,1.4339,7.2563,
runs_inca_final_v1,mean_teacher_inca_std_matched_r10,0,inca,mean_teacher,True,unetpp,efficientnet-b3,unlabeled_random_r10,,0.05,0.95,0.99,7,33,73,True,0.9006998154074904,0.9069668650627136,0.05636392533779144,0.908717990237152,0.8341832160949707,0.9696,1.1256,5.0255,
runs_inca_final_v1,mean_teacher_inca_std_matched_r10,1,inca,mean_teacher,True,unetpp,efficientnet-b3,unlabeled_random_r10,,0.05,0.95,0.99,7,18,58,True,0.9002546184061381,0.9057981371879578,0.05685708671808243,0.9068259298181647,0.8323335647583008,0.9687,1.1812,5.5355,
runs_inca_final_v1,mean_teacher_inca_std_matched_r10,2,inca,mean_teacher,True,unetpp,efficientnet-b3,unlabeled_random_r10,,0.05,0.95,0.99,7,29,69,True,0.8986539555685551,0.9029582142829895,0.058806780725717545,0.9050800422566234,0.8278708457946777,0.9701,1.1559,5.4517,
runs_inca_final_v1,mean_teacher_inca_std_matched_r10_patient10,0,inca,mean_teacher,True,unetpp,efficientnet-b3,unlabeled_random_r10,/content/drive/MyDrive/UNM_vertebras_seg_v3/data/inca_dataset/label_fractions/patient_frac_10/stems.txt,0.05,0.95,0.99,7,34,74,True,0.8361121803516417,0.849888026714325,0.060544971376657486,0.8515895341902419,0.7435100674629211,0.9116,4.3097,26.4693,
runs_inca_final_v1,mean_teacher_inca_std_matched_r10_patient10,1,inca,mean_teacher,True,unetpp,efficientnet-b3,unlabeled_random_r10,/content/drive/MyDrive/UNM_vertebras_seg_v3/data/inca_dataset/label_fractions/patient_frac_10/stems.txt,0.05,0.95,0.99,7,21,61,True,0.8345058804118595,0.8538672924041748,0.052320342510938644,0.8557995685904055,0.7484312653541565,0.9314,3.226,20.1251,
runs_inca_final_v1,mean_teacher_inca_std_matched_r10_patient10,2,inca,mean_teacher,True,unetpp,efficientnet-b3,unlabeled_random_r10,/content/drive/MyDrive/UNM_vertebras_seg_v3/data/inca_dataset/label_fractions/patient_frac_10/stems.txt,0.05,0.95,0.99,7,83,123,True,0.8444896806215025,0.866788387298584,0.06161214038729668,0.8693338921976589,0.7697813510894775,0.9384,2.5731,14.3187,
runs_inca_final_v1,mean_teacher_inca_std_matched_r10_patient25,0,inca,mean_teacher,True,unetpp,efficientnet-b3,unlabeled_random_r10,/content/drive/MyDrive/UNM_vertebras_seg_v3/data/inca_dataset/label_fractions/patient_frac_25/stems.txt,0.05,0.95,0.99,7,20,60,True,0.8812945920792825,0.8908700942993164,0.04967522621154785,0.8915459611119263,0.806602954864502,0.9625,1.6127,6.7288,
runs_inca_final_v1,mean_teacher_inca_std_matched_r10_patient25,1,inca,mean_teacher,True,unetpp,efficientnet-b3,unlabeled_random_r10,/content/drive/MyDrive/UNM_vertebras_seg_v3/data/inca_dataset/label_fractions/patient_frac_25/stems.txt,0.05,0.95,0.99,7,79,119,True,0.8768787910240715,0.8879883885383606,0.05450717359781265,0.88911688957206,0.8025839924812317,0.9602,1.7127,8.8371,
runs_inca_final_v1,mean_teacher_inca_std_matched_r10_patient25,2,inca,mean_teacher,True,unetpp,efficientnet-b3,unlabeled_random_r10,/content/drive/MyDrive/UNM_vertebras_seg_v3/data/inca_dataset/label_fractions/patient_frac_25/stems.txt,0.05,0.95,0.99,7,59,99,True,0.879761702812689,0.8849254250526428,0.0596228763461113,0.886297850373033,0.7983846664428711,0.9534,1.9608,9.8707,
runs_inca_final_v1,mean_teacher_inca_std_matched_r10_patient50,0,inca,mean_teacher,True,unetpp,efficientnet-b3,unlabeled_random_r10,/content/drive/MyDrive/UNM_vertebras_seg_v3/data/inca_dataset/label_fractions/patient_frac_50/stems.txt,0.05,0.95,0.99,7,44,84,True,0.8904381562606614,0.894517183303833,0.05577734112739563,0.8953271299503079,0.8134620189666748,0.9626,1.252,5.5062,
runs_inca_final_v1,mean_teacher_inca_std_matched_r10_patient50,1,inca,mean_teacher,True,unetpp,efficientnet-b3,unlabeled_random_r10,/content/drive/MyDrive/UNM_vertebras_seg_v3/data/inca_dataset/label_fractions/patient_frac_50/stems.txt,0.05,0.95,0.99,7,19,59,True,0.8908197289157522,0.9007653594017029,0.05501778423786163,0.9022451231342364,0.8236013054847717,0.9691,1.2052,5.3435,
runs_inca_final_v1,mean_teacher_inca_std_matched_r10_patient50,2,inca,mean_teacher,True,unetpp,efficientnet-b3,unlabeled_random_r10,/content/drive/MyDrive/UNM_vertebras_seg_v3/data/inca_dataset/label_fractions/patient_frac_50/stems.txt,0.05,0.95,0.99,7,50,90,True,0.888570550028215,0.8955551385879517,0.057174503803253174,0.8961841805639771,0.8153560161590576,0.9636,1.2516,5.5999,
runs_inca_final_v1,mean_teacher_inca_std_matched_r15,0,inca,mean_teacher,True,unetpp,efficientnet-b3,unlabeled_random_r15,,0.05,0.95,0.99,7,26,66,True,0.899961462875032,0.9073097705841064,0.05566282942891121,0.9090526961549008,0.8346623778343201,0.971,1.2027,5.3953,
runs_inca_final_v1,mean_teacher_inca_std_matched_r15,1,inca,mean_teacher,True,unetpp,efficientnet-b3,unlabeled_random_r15,,0.05,0.95,0.99,7,26,66,True,0.8939029808397359,0.9049386978149414,0.05664604902267456,0.905204535616808,0.8307855129241943,0.9676,1.2023,5.138,
runs_inca_final_v1,mean_teacher_inca_std_matched_r15,2,inca,mean_teacher,True,unetpp,efficientnet-b3,unlabeled_random_r15,,0.05,0.95,0.99,7,16,56,True,0.8986481753868549,0.9079045057296753,0.054311808198690414,0.9086836726020928,0.8354423642158508,0.9675,1.3217,6.6974,
runs_inca_final_v1,mean_teacher_inca_std_matched_r20,0,inca,mean_teacher,True,unetpp,efficientnet-b3,unlabeled_random_r20,,0.05,0.95,0.99,7,28,68,True,0.8983086603861494,0.9038531184196472,0.055129993706941605,0.904418951592059,0.8287485837936401,0.9664,1.1773,5.1731,
runs_inca_final_v1,mean_teacher_inca_std_matched_r20,1,inca,mean_teacher,True,unetpp,efficientnet-b3,unlabeled_random_r20,,0.05,0.95,0.99,7,33,73,True,0.897676968687682,0.906498372554779,0.05760015919804573,0.9082371208339258,0.8335940837860107,0.9674,1.1721,5.3616,
runs_inca_final_v1,mean_teacher_inca_std_matched_r20,2,inca,mean_teacher,True,unetpp,efficientnet-b3,unlabeled_random_r20,,0.05,0.95,0.99,7,19,59,True,0.899417953981901,0.9074716567993164,0.05468025058507919,0.9086900254037237,0.8347477912902832,0.97,1.1696,5.0021,
runs_inca_final_v1,mean_teacher_inca_std_matched_r20_patient10,0,inca,mean_teacher,True,unetpp,efficientnet-b3,unlabeled_random_r20,/content/drive/MyDrive/UNM_vertebras_seg_v3/data/inca_dataset/label_fractions/patient_frac_10/stems.txt,0.05,0.95,0.99,7,32,72,True,0.8391618087478218,0.8618502020835876,0.0629531741142273,0.8634164216198502,0.7622949481010437,0.9343,2.5641,10.9702,
runs_inca_final_v1,mean_teacher_inca_std_matched_r20_patient10,1,inca,mean_teacher,True,unetpp,efficientnet-b3,unlabeled_random_r20,/content/drive/MyDrive/UNM_vertebras_seg_v3/data/inca_dataset/label_fractions/patient_frac_10/stems.txt,0.05,0.95,0.99,7,52,92,True,0.8415590279259472,0.8655680418014526,0.05553664267063141,0.8672549017422128,0.7669734358787537,0.9467,2.1196,10.099,
runs_inca_final_v1,mean_teacher_inca_std_matched_r20_patient10,2,inca,mean_teacher,True,unetpp,efficientnet-b3,unlabeled_random_r20,/content/drive/MyDrive/UNM_vertebras_seg_v3/data/inca_dataset/label_fractions/patient_frac_10/stems.txt,0.05,0.95,0.99,7,25,65,True,0.8430932220593303,0.8578774333000183,0.06436260789632797,0.860216877997892,0.7563439011573792,0.9353,2.2793,10.2489,
runs_inca_final_v1,mean_teacher_inca_std_matched_r3,0,inca,mean_teacher,True,unetpp,efficientnet-b3,unlabeled_random_r3,,0.05,0.95,0.99,7,46,86,True,0.8965573986307243,0.9041427373886108,0.0567593090236187,0.9058037997764878,0.8295608162879944,0.9705,1.1071,5.0487,
runs_inca_final_v1,mean_teacher_inca_std_matched_r3,1,inca,mean_teacher,True,unetpp,efficientnet-b3,unlabeled_random_r3,,0.05,0.95,0.99,7,54,94,True,0.897761273737229,0.9022745490074158,0.05871161073446274,0.9038486041348516,0.8267208933830261,0.9681,1.2313,6.2214,
runs_inca_final_v1,mean_teacher_inca_std_matched_r3,2,inca,mean_teacher,True,unetpp,efficientnet-b3,unlabeled_random_r3,,0.05,0.95,0.99,7,23,63,True,0.8951769673972628,0.9088351726531982,0.05562903732061386,0.9105588124042828,0.8372451066970825,0.9725,1.0953,4.9566,
runs_inca_final_v1,mean_teacher_inca_std_matched_r3_patient10,0,inca,mean_teacher,True,unetpp,efficientnet-b3,unlabeled_random_r3,/content/drive/MyDrive/UNM_vertebras_seg_v3/data/inca_dataset/label_fractions/patient_frac_10/stems.txt,0.05,0.95,0.99,7,37,77,True,0.8434269074484139,0.866725504398346,0.054737962782382965,0.8684287969472282,0.7686864137649536,0.9405,2.2215,9.7452,
runs_inca_final_v1,mean_teacher_inca_std_matched_r3_patient10,1,inca,mean_teacher,True,unetpp,efficientnet-b3,unlabeled_random_r3,/content/drive/MyDrive/UNM_vertebras_seg_v3/data/inca_dataset/label_fractions/patient_frac_10/stems.txt,0.05,0.95,0.99,7,54,94,True,0.8354444441107312,0.8639946579933167,0.05992681160569191,0.8659543381031614,0.7652701735496521,0.9342,2.8881,18.5002,
runs_inca_final_v1,mean_teacher_inca_std_matched_r3_patient10,2,inca,mean_teacher,True,unetpp,efficientnet-b3,unlabeled_random_r3,/content/drive/MyDrive/UNM_vertebras_seg_v3/data/inca_dataset/label_fractions/patient_frac_10/stems.txt,0.05,0.95,0.99,7,31,71,True,0.8478429947977204,0.8656055927276611,0.06353478878736496,0.8675033714956968,0.7681552171707153,0.9407,2.0535,9.2525,
runs_inca_final_v1,mean_teacher_inca_std_matched_r5,0,inca,mean_teacher,True,unetpp,efficientnet-b3,unlabeled_random_r5,,0.05,0.95,0.99,7,7,47,True,0.8991714730317736,0.9029176235198975,0.053365614265203476,0.9038066859399894,0.8269302248954773,0.9692,1.1525,4.9412,
runs_inca_final_v1,mean_teacher_inca_std_matched_r5,1,inca,mean_teacher,True,unetpp,efficientnet-b3,unlabeled_random_r5,,0.05,0.95,0.99,7,37,77,True,0.8978986785683765,0.9061704277992249,0.05684426426887512,0.9071343164606395,0.8329191207885742,0.9695,1.1451,5.1788,
runs_inca_final_v1,mean_teacher_inca_std_matched_r5,2,inca,mean_teacher,True,unetpp,efficientnet-b3,unlabeled_random_r5,,0.05,0.95,0.99,7,30,70,True,0.9001178211066768,0.9063004851341248,0.056512102484703064,0.907353465029455,0.8331093788146973,0.9705,1.1144,5.1087,
runs_inca_final_v1,mean_teacher_inca_std_matched_r7,0,inca,mean_teacher,True,unetpp,efficientnet-b3,unlabeled_random_r7,,0.05,0.95,0.99,7,28,68,True,0.9000538215486166,0.9084238409996033,0.053779248148202896,0.9094641243760243,0.8362830877304077,0.9715,1.083,4.7994,
runs_inca_final_v1,mean_teacher_inca_std_matched_r7,1,inca,mean_teacher,True,unetpp,efficientnet-b3,unlabeled_random_r7,,0.05,0.95,0.99,7,49,89,True,0.8972727004976148,0.9075794816017151,0.05475904420018196,0.9094956390347517,0.8349986672401428,0.973,1.0821,4.7585,
runs_inca_final_v1,mean_teacher_inca_std_matched_r7,2,inca,mean_teacher,True,unetpp,efficientnet-b3,unlabeled_random_r7,,0.05,0.95,0.99,7,30,70,True,0.8978859234347752,0.907895565032959,0.054857105016708374,0.9091044158849777,0.8355222344398499,0.9738,1.1289,4.6937,
runs_inca_final_v1,semi_inca_all_lateral,0,inca,pseudo_label,True,unetpp,efficientnet-b3,unlabeled_all,,0.05,0.95,0.99,7,46,86,True,0.8962448117931968,0.904019832611084,0.054727744311094284,0.9050099279681094,0.8290777802467346,0.9703,1.1459,4.8821,
runs_inca_final_v1,semi_inca_all_lateral,1,inca,pseudo_label,True,unetpp,efficientnet-b3,unlabeled_all,,0.05,0.95,0.99,7,55,95,True,0.8978235808582704,0.9045798778533936,0.053972553461790085,0.9049553776090661,0.8298767805099487,0.9699,1.1388,5.0557,
runs_inca_final_v1,semi_inca_all_lateral,2,inca,pseudo_label,True,unetpp,efficientnet-b3,unlabeled_all,,0.05,0.95,0.99,7,19,59,True,0.8962239774494383,0.9048269391059875,0.055385977029800415,0.9059099902484081,0.8304792046546936,0.9687,1.1621,5.0359,
runs_inca_final_v1,semi_inca_all_lateral_patient10,0,inca,pseudo_label,True,unetpp,efficientnet-b3,unlabeled_all,/content/drive/MyDrive/UNM_vertebras_seg_v3/data/inca_dataset/label_fractions/patient_frac_10/stems.txt,0.05,0.95,0.99,7,22,62,True,0.8306410968264311,0.8387365937232971,0.0541689433157444,0.8413005430472428,0.72580885887146,0.9168,3.8786,22.349,
runs_inca_final_v1,semi_inca_all_lateral_patient10,1,inca,pseudo_label,True,unetpp,efficientnet-b3,unlabeled_all,/content/drive/MyDrive/UNM_vertebras_seg_v3/data/inca_dataset/label_fractions/patient_frac_10/stems.txt,0.05,0.95,0.99,7,17,57,True,0.8138651641316124,0.8293617367744446,0.06420326232910156,0.8300360375205633,0.7133298516273499,0.8862,7.0224,50.4723,
runs_inca_final_v1,semi_inca_all_lateral_patient10,2,inca,pseudo_label,True,unetpp,efficientnet-b3,unlabeled_all,/content/drive/MyDrive/UNM_vertebras_seg_v3/data/inca_dataset/label_fractions/patient_frac_10/stems.txt,0.05,0.95,0.99,7,24,64,True,0.8298922329447054,0.8639401197433472,0.06719844788312912,0.8661429797960549,0.7661380767822266,0.9436,1.6219,6.6894,
runs_inca_final_v1,semi_inca_r10,0,inca,pseudo_label,True,unetpp,efficientnet-b3,unlabeled_r10,,0.05,0.95,0.99,7,62,102,True,0.8996757242254855,0.9008490443229675,0.057745397090911865,0.9020838395975336,0.8242063522338867,0.9646,1.2235,5.5783,
runs_inca_final_v1,semi_inca_r10,1,inca,pseudo_label,True,unetpp,efficientnet-b3,unlabeled_r10,,0.05,0.95,0.99,7,9,49,True,0.8981779843906829,0.9033283591270447,0.05196736380457878,0.9041764229693575,0.8274127244949341,0.973,1.2584,4.8974,
runs_inca_final_v1,semi_inca_r10,2,inca,pseudo_label,True,unetpp,efficientnet-b3,unlabeled_r10,,0.05,0.95,0.99,7,11,51,True,0.8963852418990128,0.9035418033599854,0.05543776974081993,0.904000831945724,0.8282893896102905,0.9663,1.4491,8.7534,
runs_inca_final_v1,semi_inca_r10_frac25,0,inca,pseudo_label,True,unetpp,efficientnet-b3,unlabeled_r10,/content/drive/MyDrive/UNM_vertebras_seg_v3/data/inca_dataset/label_fractions/frac_25/stems.txt,0.05,0.95,0.99,7,19,59,True,0.8907189129772547,0.8970561623573303,0.05519799143075943,0.8976158167616726,0.8174993991851807,0.9663,1.2533,5.5182,
runs_inca_final_v1,semi_inca_r10_frac25,1,inca,pseudo_label,True,unetpp,efficientnet-b3,unlabeled_r10,/content/drive/MyDrive/UNM_vertebras_seg_v3/data/inca_dataset/label_fractions/frac_25/stems.txt,0.05,0.95,0.99,7,29,69,True,0.889320923941926,0.8994917869567871,0.0600198432803154,0.8996587292283652,0.822206974029541,0.9692,1.2781,5.6368,
runs_inca_final_v1,semi_inca_r10_lambda1,0,inca,pseudo_label,True,unetpp,efficientnet-b3,unlabeled_r10,,1.0,0.95,0.99,7,9,49,True,0.895108943311346,0.9021106362342834,0.05268716812133789,0.9031399271046903,0.8255243897438049,0.9659,1.2068,5.4436,
runs_inca_final_v1,semi_inca_r10_lambda1,1,inca,pseudo_label,True,unetpp,efficientnet-b3,unlabeled_r10,,1.0,0.95,0.99,7,9,49,True,0.8971855709310879,0.9050447344779968,0.05086255073547363,0.9065276594021159,0.830122172832489,0.9733,1.1145,4.5695,
runs_inca_final_v1,semi_inca_r10_lambda1,2,inca,pseudo_label,True,unetpp,efficientnet-b3,unlabeled_r10,,1.0,0.95,0.99,7,7,47,True,0.896443589403128,0.9017142057418823,0.05417134612798691,0.9032242199331679,0.8250768780708313,0.9675,1.2101,5.3216,
runs_inca_final_v1,semi_inca_r10_patient10,0,inca,pseudo_label,True,unetpp,efficientnet-b3,unlabeled_r10,/content/drive/MyDrive/UNM_vertebras_seg_v3/data/inca_dataset/label_fractions/patient_frac_10/stems.txt,0.05,0.95,0.99,7,16,56,True,0.805652236824988,0.8503158688545227,0.05533992499113083,0.8518513999065007,0.7434347867965698,0.9286,3.3953,18.9912,
runs_inca_final_v1,semi_inca_r10_patient10,1,inca,pseudo_label,True,unetpp,efficientnet-b3,unlabeled_r10,/content/drive/MyDrive/UNM_vertebras_seg_v3/data/inca_dataset/label_fractions/patient_frac_10/stems.txt,0.05,0.95,0.99,7,34,74,True,0.835108177738684,0.8606244921684265,0.06183503568172455,0.86277615344054,0.7602586150169373,0.9336,2.8488,14.9509,
runs_inca_final_v1,semi_inca_r10_patient10,2,inca,pseudo_label,True,unetpp,efficientnet-b3,unlabeled_r10,/content/drive/MyDrive/UNM_vertebras_seg_v3/data/inca_dataset/label_fractions/patient_frac_10/stems.txt,0.05,0.95,0.99,7,35,75,True,0.8197104061917272,0.8520800471305847,0.06576938927173615,0.8542689678761134,0.7476264834403992,0.9325,2.2335,8.7478,
runs_inca_final_v1,semi_inca_r10_patient10_lambda1,0,inca,pseudo_label,True,unetpp,efficientnet-b3,unlabeled_r10,/content/drive/MyDrive/UNM_vertebras_seg_v3/data/inca_dataset/label_fractions/patient_frac_10/stems.txt,1.0,0.95,0.99,7,7,47,True,0.7231090915461675,0.7143527865409851,0.0507328100502491,0.7161335220333508,0.5579553246498108,0.6598,5.7181,20.1914,
runs_inca_final_v1,semi_inca_r10_patient10_lambda1,1,inca,pseudo_label,True,unetpp,efficientnet-b3,unlabeled_r10,/content/drive/MyDrive/UNM_vertebras_seg_v3/data/inca_dataset/label_fractions/patient_frac_10/stems.txt,1.0,0.95,0.99,7,7,47,True,0.7137955812558807,0.7552246451377869,0.055459652096033096,0.7582359492919534,0.6097259521484375,0.7893,5.1131,20.9555,
runs_inca_final_v1,semi_inca_r10_patient10_lambda1,2,inca,pseudo_label,True,unetpp,efficientnet-b3,unlabeled_r10,/content/drive/MyDrive/UNM_vertebras_seg_v3/data/inca_dataset/label_fractions/patient_frac_10/stems.txt,1.0,0.95,0.99,7,14,54,True,0.782493846055015,0.8198331594467163,0.06510655581951141,0.8227058065012952,0.6993280649185181,0.9122,4.0043,19.3748,
runs_inca_final_v1,semi_inca_r10_patient25,0,inca,pseudo_label,True,unetpp,efficientnet-b3,unlabeled_r10,/content/drive/MyDrive/UNM_vertebras_seg_v3/data/inca_dataset/label_fractions/patient_frac_25/stems.txt,0.05,0.95,0.99,7,47,87,True,0.8737190691365264,0.8857079148292542,0.05905623361468315,0.887406188281667,0.7995396852493286,0.9598,1.445,6.0922,
runs_inca_final_v1,semi_inca_r10_patient25,1,inca,pseudo_label,True,unetpp,efficientnet-b3,unlabeled_r10,/content/drive/MyDrive/UNM_vertebras_seg_v3/data/inca_dataset/label_fractions/patient_frac_25/stems.txt,0.05,0.95,0.99,7,23,63,True,0.8711601436876626,0.8847745656967163,0.04877063259482384,0.88616694253951,0.7965680360794067,0.9624,1.4863,5.7564,
runs_inca_final_v1,semi_inca_r10_patient25,2,inca,pseudo_label,True,unetpp,efficientnet-b3,unlabeled_r10,/content/drive/MyDrive/UNM_vertebras_seg_v3/data/inca_dataset/label_fractions/patient_frac_25/stems.txt,0.05,0.95,0.99,7,27,67,True,0.8778026104057337,0.8911386132240295,0.054181504994630814,0.8918691811674451,0.8076932430267334,0.9619,1.3411,5.9528,
runs_inca_final_v1,semi_inca_r10_patient50,0,inca,pseudo_label,True,unetpp,efficientnet-b3,unlabeled_r10,/content/drive/MyDrive/UNM_vertebras_seg_v3/data/inca_dataset/label_fractions/patient_frac_50/stems.txt,0.05,0.95,0.99,7,15,55,True,0.883119105224792,0.8946740627288818,0.055814001709222794,0.8960897081007061,0.8136991262435913,0.96,1.3481,5.5702,
runs_inca_final_v1,semi_inca_r10_patient50,1,inca,pseudo_label,True,unetpp,efficientnet-b3,unlabeled_r10,/content/drive/MyDrive/UNM_vertebras_seg_v3/data/inca_dataset/label_fractions/patient_frac_50/stems.txt,0.05,0.95,0.99,7,24,64,True,0.8899287212707321,0.8938360810279846,0.05948000028729439,0.894865455349883,0.8128634691238403,0.9584,1.4254,6.5349,
runs_inca_final_v1,semi_inca_r10_patient50,2,inca,pseudo_label,True,unetpp,efficientnet-b3,unlabeled_r10,/content/drive/MyDrive/UNM_vertebras_seg_v3/data/inca_dataset/label_fractions/patient_frac_50/stems.txt,0.05,0.95,0.99,7,31,71,True,0.8852425877011082,0.8940954804420471,0.05675305426120758,0.895568923652362,0.8128522038459778,0.9637,1.2675,5.4398,
runs_inca_final_v1,semi_inca_r15,0,inca,pseudo_label,True,unetpp,efficientnet-b3,unlabeled_r15,,0.05,0.95,0.99,7,15,55,True,0.8997898314178374,0.9048540592193604,0.057167716324329376,0.9062520350597735,0.8307487964630127,0.9676,1.1849,5.3484,
runs_inca_final_v1,semi_inca_r15,1,inca,pseudo_label,True,unetpp,efficientnet-b3,unlabeled_r15,,0.05,0.95,0.99,7,40,80,True,0.8986906758465151,0.9019691944122314,0.0599437952041626,0.9026753437819686,0.826396644115448,0.9633,1.9741,15.0942,
runs_inca_final_v1,semi_inca_r15,2,inca,pseudo_label,True,unetpp,efficientnet-b3,unlabeled_r15,,0.05,0.95,0.99,7,36,76,True,0.8986728078853806,0.9056049585342407,0.05734750255942345,0.9066561347605587,0.8320315480232239,0.968,1.1952,5.9203,
runs_inca_final_v1,semi_inca_r20,0,inca,pseudo_label,True,unetpp,efficientnet-b3,unlabeled_r20,,0.05,0.95,0.99,7,44,84,True,0.8991223199066346,0.9067808985710144,0.05759478732943535,0.9083099214987367,0.8340490460395813,0.9693,1.1614,5.47,
runs_inca_final_v1,semi_inca_r20,1,inca,pseudo_label,True,unetpp,efficientnet-b3,unlabeled_r20,,0.05,0.95,0.99,7,25,65,True,0.8987103996185921,0.9098425507545471,0.055520251393318176,0.9110647700748904,0.8389140367507935,0.9756,1.0661,4.5719,
runs_inca_final_v1,semi_inca_r20,2,inca,pseudo_label,True,unetpp,efficientnet-b3,unlabeled_r20,,0.05,0.95,0.99,7,29,69,True,0.8947813880515587,0.9088171124458313,0.0550505556166172,0.9102949934668797,0.8371174335479736,0.9725,1.078,4.6961,
runs_inca_final_v1,semi_inca_r20_patient10,0,inca,pseudo_label,True,unetpp,efficientnet-b3,unlabeled_r20,/content/drive/MyDrive/UNM_vertebras_seg_v3/data/inca_dataset/label_fractions/patient_frac_10/stems.txt,0.05,0.95,0.99,7,19,59,True,0.828304947404402,0.8252678513526917,0.06902516633272171,0.8234579506213943,0.7081026434898376,0.871,7.6981,44.0914,
runs_inca_final_v1,semi_inca_r20_patient10,1,inca,pseudo_label,True,unetpp,efficientnet-b3,unlabeled_r20,/content/drive/MyDrive/UNM_vertebras_seg_v3/data/inca_dataset/label_fractions/patient_frac_10/stems.txt,0.05,0.95,0.99,7,53,93,True,0.8124341412011435,0.8422216176986694,0.07187870144844055,0.8451863964542626,0.7337784767150879,0.9132,3.6124,22.159,
runs_inca_final_v1,semi_inca_r20_patient10,2,inca,pseudo_label,True,unetpp,efficientnet-b3,unlabeled_r20,/content/drive/MyDrive/UNM_vertebras_seg_v3/data/inca_dataset/label_fractions/patient_frac_10/stems.txt,0.05,0.95,0.99,7,19,59,True,0.8335179929271581,0.8551157712936401,0.055881112813949585,0.8562580233229028,0.7508111000061035,0.9167,3.6207,20.7945,
runs_inca_final_v1,semi_inca_r3,0,inca,pseudo_label,True,unetpp,efficientnet-b3,unlabeled_r3,,0.05,0.95,0.99,7,9,49,True,0.8969906827075749,0.9041776657104492,0.05382369086146355,0.9058912405413423,0.8291434049606323,0.9734,1.1176,4.6936,
runs_inca_final_v1,semi_inca_r3,1,inca,pseudo_label,True,unetpp,efficientnet-b3,unlabeled_r3,,0.05,0.95,0.99,7,29,69,True,0.8961350482029006,0.9021999835968018,0.053065408021211624,0.9032590557143014,0.8257598876953125,0.9654,1.3103,6.2544,
runs_inca_final_v1,semi_inca_r3,2,inca,pseudo_label,True,unetpp,efficientnet-b3,unlabeled_r3,,0.05,0.95,0.99,7,44,84,True,0.8966119743560583,0.9008011817932129,0.06112686172127724,0.9019575247169328,0.8246906995773315,0.9632,1.2209,5.7256,
runs_inca_final_v1,semi_inca_r3_patient10,0,inca,pseudo_label,True,unetpp,efficientnet-b3,unlabeled_r3,/content/drive/MyDrive/UNM_vertebras_seg_v3/data/inca_dataset/label_fractions/patient_frac_10/stems.txt,0.05,0.95,0.99,7,39,79,True,0.8227990164265054,0.8467625975608826,0.06273331493139267,0.8491971055054682,0.7390632033348083,0.9257,2.6968,13.6528,
runs_inca_final_v1,semi_inca_r3_patient10,1,inca,pseudo_label,True,unetpp,efficientnet-b3,unlabeled_r3,/content/drive/MyDrive/UNM_vertebras_seg_v3/data/inca_dataset/label_fractions/patient_frac_10/stems.txt,0.05,0.95,0.99,7,30,70,True,0.8033175203742609,0.8497331738471985,0.06854290515184402,0.852417745914808,0.744543194770813,0.9265,2.4355,12.1663,
runs_inca_final_v1,semi_inca_r3_patient10,2,inca,pseudo_label,True,unetpp,efficientnet-b3,unlabeled_r3,/content/drive/MyDrive/UNM_vertebras_seg_v3/data/inca_dataset/label_fractions/patient_frac_10/stems.txt,0.05,0.95,0.99,7,18,58,True,0.8210385405639715,0.8523625135421753,0.05467218533158302,0.8529199547501072,0.7465077638626099,0.9364,2.1306,8.6097,
runs_inca_final_v1,semi_inca_r5,0,inca,pseudo_label,True,unetpp,efficientnet-b3,unlabeled_r5,,0.05,0.95,0.99,7,7,47,True,0.8988816112442891,0.9020966291427612,0.0537090003490448,0.9030869998922693,0.8256272077560425,0.9678,1.176,5.0501,
runs_inca_final_v1,semi_inca_r5,1,inca,pseudo_label,True,unetpp,efficientnet-b3,unlabeled_r5,,0.05,0.95,0.99,7,8,48,True,0.89695968351169,0.9033390283584595,0.05376182496547699,0.904456818022871,0.8277145028114319,0.9747,1.144,4.6355,
runs_inca_final_v1,semi_inca_r5,2,inca,pseudo_label,True,unetpp,efficientnet-b3,unlabeled_r5,,0.05,0.95,0.99,7,34,74,True,0.8992305089233158,0.9080655574798584,0.05321982130408287,0.909290229492399,0.8355641961097717,0.9726,1.2705,6.4756,
runs_inca_final_v1,semi_inca_r7,0,inca,pseudo_label,True,unetpp,efficientnet-b3,unlabeled_r7,,0.05,0.95,0.99,7,25,65,True,0.8971874959289692,0.9073227047920227,0.05319385975599289,0.9090000916300434,0.8343114256858826,0.9736,1.1552,5.5454,
runs_inca_final_v1,semi_inca_r7,1,inca,pseudo_label,True,unetpp,efficientnet-b3,unlabeled_r7,,0.05,0.95,0.99,7,6,46,True,0.8938520688337673,0.9054707288742065,0.052695706486701965,0.9065890198655822,0.8311184048652649,0.9739,1.1299,4.713,
runs_inca_final_v1,semi_inca_r7,2,inca,pseudo_label,True,unetpp,efficientnet-b3,unlabeled_r7,,0.05,0.95,0.99,7,38,78,True,0.8961541720351515,0.9051353931427002,0.052697762846946716,0.9062854392855099,0.8305774331092834,0.9669,1.3209,5.7542,
runs_inca_final_v1,semi_inca_std_matched_r10,0,inca,pseudo_label,True,unetpp,efficientnet-b3,unlabeled_random_r10,,0.05,0.95,0.99,7,38,78,True,0.8956247674557032,0.9054695963859558,0.05469682067632675,0.9068002002124067,0.8314460515975952,0.9671,1.2852,5.8466,
runs_inca_final_v1,semi_inca_std_matched_r10,1,inca,pseudo_label,True,unetpp,efficientnet-b3,unlabeled_random_r10,,0.05,0.95,0.99,7,20,60,True,0.896961290803856,0.9025030732154846,0.056403398513793945,0.9038257203091042,0.8267691731452942,0.9668,1.3524,7.5567,
runs_inca_final_v1,semi_inca_std_matched_r10,2,inca,pseudo_label,True,unetpp,efficientnet-b3,unlabeled_random_r10,,0.05,0.95,0.99,7,37,77,True,0.8967816595436052,0.9003506898880005,0.056316036731004715,0.9014499400468328,0.8231671452522278,0.9658,1.342,7.1739,
runs_inca_final_v1,semi_inca_std_matched_r10_patient10,0,inca,pseudo_label,True,unetpp,efficientnet-b3,unlabeled_random_r10,/content/drive/MyDrive/UNM_vertebras_seg_v3/data/inca_dataset/label_fractions/patient_frac_10/stems.txt,0.05,0.95,0.99,7,21,61,True,0.8193464690708598,0.8485307097434998,0.0578206442296505,0.8505252231454081,0.7410699725151062,0.9407,2.168,8.3209,
runs_inca_final_v1,semi_inca_std_matched_r10_patient10,1,inca,pseudo_label,True,unetpp,efficientnet-b3,unlabeled_random_r10,/content/drive/MyDrive/UNM_vertebras_seg_v3/data/inca_dataset/label_fractions/patient_frac_10/stems.txt,0.05,0.95,0.99,7,36,76,True,0.8220536635541537,0.8503058552742004,0.07460577040910721,0.853345777423604,0.7464552521705627,0.9331,2.1882,8.7891,
runs_inca_final_v1,semi_inca_std_matched_r10_patient10,2,inca,pseudo_label,True,unetpp,efficientnet-b3,unlabeled_random_r10,/content/drive/MyDrive/UNM_vertebras_seg_v3/data/inca_dataset/label_fractions/patient_frac_10/stems.txt,0.05,0.95,0.99,7,41,81,True,0.8301629497972389,0.8606087565422058,0.06800621747970581,0.8645480675666829,0.7610107064247131,0.9416,1.9532,8.4439,
runs_inca_final_v1,semi_inca_std_matched_r10_patient25,0,inca,pseudo_label,True,unetpp,efficientnet-b3,unlabeled_random_r10,/content/drive/MyDrive/UNM_vertebras_seg_v3/data/inca_dataset/label_fractions/patient_frac_25/stems.txt,0.05,0.95,0.99,7,16,56,True,0.8747766887863709,0.880131185054779,0.052313532680273056,0.8814366465348156,0.789587140083313,0.954,2.5915,19.4267,
runs_inca_final_v1,semi_inca_std_matched_r10_patient25,1,inca,pseudo_label,True,unetpp,efficientnet-b3,unlabeled_random_r10,/content/drive/MyDrive/UNM_vertebras_seg_v3/data/inca_dataset/label_fractions/patient_frac_25/stems.txt,0.05,0.95,0.99,7,32,72,True,0.8734536063455638,0.7995917201042175,0.229805126786232,0.8268186139282729,0.7088300585746765,0.8676,7.2134,30.4114,
runs_inca_final_v1,semi_inca_std_matched_r10_patient25,2,inca,pseudo_label,True,unetpp,efficientnet-b3,unlabeled_random_r10,/content/drive/MyDrive/UNM_vertebras_seg_v3/data/inca_dataset/label_fractions/patient_frac_25/stems.txt,0.05,0.95,0.99,7,27,67,True,0.8808280796614615,0.8802759051322937,0.0573621541261673,0.8798959434907041,0.7905418276786804,0.9455,2.9206,23.6199,
runs_inca_final_v1,semi_inca_std_matched_r10_patient50,0,inca,pseudo_label,True,unetpp,efficientnet-b3,unlabeled_random_r10,/content/drive/MyDrive/UNM_vertebras_seg_v3/data/inca_dataset/label_fractions/patient_frac_50/stems.txt,0.05,0.95,0.99,7,46,86,True,0.8880955754434433,0.88780277967453,0.05828934162855148,0.8892159999999002,0.8028955459594727,0.9549,1.4816,7.2501,
runs_inca_final_v1,semi_inca_std_matched_r10_patient50,1,inca,pseudo_label,True,unetpp,efficientnet-b3,unlabeled_random_r10,/content/drive/MyDrive/UNM_vertebras_seg_v3/data/inca_dataset/label_fractions/patient_frac_50/stems.txt,0.05,0.95,0.99,7,32,72,True,0.8882248667538052,0.8971428871154785,0.05330631881952286,0.8978282313020017,0.817416250705719,0.9636,1.2645,5.52,
runs_inca_final_v1,semi_inca_std_matched_r10_patient50,2,inca,pseudo_label,True,unetpp,efficientnet-b3,unlabeled_random_r10,/content/drive/MyDrive/UNM_vertebras_seg_v3/data/inca_dataset/label_fractions/patient_frac_50/stems.txt,0.05,0.95,0.99,7,29,69,True,0.8883813423013762,0.8972647786140442,0.05764351785182953,0.8984309370711455,0.8182402849197388,0.9622,1.3626,6.4869,
runs_inca_final_v1,semi_inca_std_matched_r15,0,inca,pseudo_label,True,unetpp,efficientnet-b3,unlabeled_random_r15,,0.05,0.95,0.99,7,7,47,True,0.8928800382901514,0.8996571898460388,0.05307309702038765,0.9002551235837196,0.8214660286903381,0.9744,1.1649,4.8183,
runs_inca_final_v1,semi_inca_std_matched_r15,1,inca,pseudo_label,True,unetpp,efficientnet-b3,unlabeled_random_r15,,0.05,0.95,0.99,7,16,56,True,0.8967957982096858,0.9033758640289307,0.0565536804497242,0.9042783176174521,0.8282085061073303,0.9646,1.5667,9.0237,
runs_inca_final_v1,semi_inca_std_matched_r15,2,inca,pseudo_label,True,unetpp,efficientnet-b3,unlabeled_random_r15,,0.05,0.95,0.99,7,14,54,True,0.8993973452526345,0.9063594937324524,0.05519215017557144,0.9072688980801767,0.8330021500587463,0.9726,1.0948,4.7625,
runs_inca_final_v1,semi_inca_std_matched_r20,0,inca,pseudo_label,True,unetpp,efficientnet-b3,unlabeled_random_r20,,0.05,0.95,0.99,7,20,60,True,0.8969883535989656,0.9002534747123718,0.055538490414619446,0.901425881206995,0.8228617310523987,0.9597,1.295,6.4715,
runs_inca_final_v1,semi_inca_std_matched_r20,1,inca,pseudo_label,True,unetpp,efficientnet-b3,unlabeled_random_r20,,0.05,0.95,0.99,7,44,84,True,0.897893545399624,0.9063594937324524,0.057296812534332275,0.9081816819602995,0.8333356380462646,0.9697,1.1239,5.0219,
runs_inca_final_v1,semi_inca_std_matched_r20,2,inca,pseudo_label,True,unetpp,efficientnet-b3,unlabeled_random_r20,,0.05,0.95,0.99,7,21,61,True,0.8965024897928964,0.9099973440170288,0.054469503462314606,0.9106887537404321,0.8389884829521179,0.9738,1.1511,5.0823,
runs_inca_final_v1,semi_inca_std_matched_r20_patient10,0,inca,pseudo_label,True,unetpp,efficientnet-b3,unlabeled_random_r20,/content/drive/MyDrive/UNM_vertebras_seg_v3/data/inca_dataset/label_fractions/patient_frac_10/stems.txt,0.05,0.95,0.99,7,20,60,True,0.8135878205467968,0.8337710499763489,0.05931743606925011,0.8351195825387793,0.7191401124000549,0.8881,5.7511,39.0394,
runs_inca_final_v1,semi_inca_std_matched_r20_patient10,1,inca,pseudo_label,True,unetpp,efficientnet-b3,unlabeled_random_r20,/content/drive/MyDrive/UNM_vertebras_seg_v3/data/inca_dataset/label_fractions/patient_frac_10/stems.txt,0.05,0.95,0.99,7,31,71,True,0.8208379815958352,0.8483173847198486,0.0568537563085556,0.8485862678814335,0.7406429052352905,0.9194,4.0024,28.1975,
runs_inca_final_v1,semi_inca_std_matched_r20_patient10,2,inca,pseudo_label,True,unetpp,efficientnet-b3,unlabeled_random_r20,/content/drive/MyDrive/UNM_vertebras_seg_v3/data/inca_dataset/label_fractions/patient_frac_10/stems.txt,0.05,0.95,0.99,7,20,60,True,0.8330159783935855,0.8474687933921814,0.059035006910562515,0.8485850224508379,0.7395526170730591,0.9125,3.6654,25.1319,
runs_inca_final_v1,semi_inca_std_matched_r3,0,inca,pseudo_label,True,unetpp,efficientnet-b3,unlabeled_random_r3,,0.05,0.95,0.99,7,15,55,True,0.8988541905920793,0.8994859457015991,0.05682150647044182,0.9003931411309026,0.8217701315879822,0.9569,2.6054,19.3946,
runs_inca_final_v1,semi_inca_std_matched_r3,1,inca,pseudo_label,True,unetpp,efficientnet-b3,unlabeled_random_r3,,0.05,0.95,0.99,7,41,81,True,0.8960638522541424,0.9026897549629211,0.05707376450300217,0.9041286773896821,0.8271849155426025,0.9673,1.1701,5.2249,
runs_inca_final_v1,semi_inca_std_matched_r3,2,inca,pseudo_label,True,unetpp,efficientnet-b3,unlabeled_random_r3,,0.05,0.95,0.99,7,19,59,True,0.895443671476188,0.9062298536300659,0.054364632815122604,0.9076895199960106,0.8326526880264282,0.9717,1.1177,4.6605,
runs_inca_final_v1,semi_inca_std_matched_r3_patient10,0,inca,pseudo_label,True,unetpp,efficientnet-b3,unlabeled_random_r3,/content/drive/MyDrive/UNM_vertebras_seg_v3/data/inca_dataset/label_fractions/patient_frac_10/stems.txt,0.05,0.95,0.99,7,20,60,True,0.8353847239593263,0.8506713509559631,0.054251886904239655,0.8521729555938767,0.743809163570404,0.9309,2.6684,12.0161,
runs_inca_final_v1,semi_inca_std_matched_r3_patient10,1,inca,pseudo_label,True,unetpp,efficientnet-b3,unlabeled_random_r3,/content/drive/MyDrive/UNM_vertebras_seg_v3/data/inca_dataset/label_fractions/patient_frac_10/stems.txt,0.05,0.95,0.99,7,15,55,True,0.8042701306937323,0.842153787612915,0.055607084184885025,0.8445420990648967,0.7311264276504517,0.9314,2.8342,13.1577,
runs_inca_final_v1,semi_inca_std_matched_r3_patient10,2,inca,pseudo_label,True,unetpp,efficientnet-b3,unlabeled_random_r3,/content/drive/MyDrive/UNM_vertebras_seg_v3/data/inca_dataset/label_fractions/patient_frac_10/stems.txt,0.05,0.95,0.99,7,22,62,True,0.8371273349009966,0.8455568552017212,0.062306445091962814,0.8467001084921697,0.7371723651885986,0.9022,4.9898,36.386,
runs_inca_final_v1,semi_inca_std_matched_r5,0,inca,pseudo_label,True,unetpp,efficientnet-b3,unlabeled_random_r5,,0.05,0.95,0.99,7,7,47,True,0.8990164581463763,0.9027337431907654,0.053372226655483246,0.903637410640183,0.8266252875328064,0.969,1.1545,4.9477,
runs_inca_final_v1,semi_inca_std_matched_r5,1,inca,pseudo_label,True,unetpp,efficientnet-b3,unlabeled_random_r5,,0.05,0.95,0.99,7,8,48,True,0.8957604118464053,0.9020626544952393,0.056468721479177475,0.9029709824944245,0.825981855392456,0.9697,1.2053,5.3578,
runs_inca_final_v1,semi_inca_std_matched_r5,2,inca,pseudo_label,True,unetpp,efficientnet-b3,unlabeled_random_r5,,0.05,0.95,0.99,7,23,63,True,0.8956239699539981,0.9094253778457642,0.05383800342679024,0.9104214572247592,0.8379493951797485,0.9742,1.0905,4.5615,
runs_inca_final_v1,semi_inca_std_matched_r7,0,inca,pseudo_label,True,unetpp,efficientnet-b3,unlabeled_random_r7,,0.05,0.95,0.99,7,34,74,True,0.8963912767551929,0.910426676273346,0.05607728660106659,0.9115486773934699,0.8399678468704224,0.9742,1.0949,4.8603,
runs_inca_final_v1,semi_inca_std_matched_r7,1,inca,pseudo_label,True,unetpp,efficientnet-b3,unlabeled_random_r7,,0.05,0.95,0.99,7,44,84,True,0.8946289074074943,0.9040089249610901,0.05247920751571655,0.9046826388099347,0.8287168145179749,0.9682,1.2683,5.6705,
runs_inca_final_v1,semi_inca_std_matched_r7,2,inca,pseudo_label,True,unetpp,efficientnet-b3,unlabeled_random_r7,,0.05,0.95,0.99,7,16,56,True,0.8982425657347681,0.9074748158454895,0.055023275315761566,0.9085103822115015,0.8348353505134583,0.9708,1.1365,5.2633,
runs_inca_final_v1,supervised_inca,0,inca,pseudo_label,False,unetpp,efficientnet-b3,unlabeling_r10_max0/images,,0.05,0.95,0.99,30,27,67,True,0.8950863369753443,0.9060640335083008,0.0593247227370739,0.9083381111372401,0.8331065773963928,0.9696,1.1173,4.8898,
runs_inca_final_v1,supervised_inca,1,inca,pseudo_label,False,unetpp,efficientnet-b3,unlabeling_r10_max0/images,,0.05,0.95,0.99,30,31,71,True,0.8956588233744682,0.9082247018814087,0.053692903369665146,0.9092163333950692,0.8358793258666992,0.9734,1.14,5.1322,
runs_inca_final_v1,supervised_inca,2,inca,pseudo_label,False,unetpp,efficientnet-b3,unlabeling_r10_max0/images,,0.05,0.95,0.99,30,76,116,True,0.8976853395172262,0.9027343392372131,0.05594984069466591,0.9045329601231298,0.827111005783081,0.97,1.158,5.1806,
runs_inca_final_v1,supervised_inca_frac25,0,inca,pseudo_label,False,unetpp,efficientnet-b3,unlabeling_r10_max0/images,/content/drive/MyDrive/UNM_vertebras_seg_v3/data/inca_dataset/label_fractions/frac_25/stems.txt,0.05,0.95,0.99,30,95,135,True,0.8915045395588829,0.8963708877563477,0.05936327576637268,0.8969057810555,0.8169592022895813,0.9643,1.2796,5.5718,
runs_inca_final_v1,supervised_inca_frac25,1,inca,pseudo_label,False,unetpp,efficientnet-b3,unlabeling_r10_max0/images,/content/drive/MyDrive/UNM_vertebras_seg_v3/data/inca_dataset/label_fractions/frac_25/stems.txt,0.05,0.95,0.99,30,40,80,True,0.8887546611784028,0.8974897861480713,0.05999181792140007,0.8980333862093275,0.8189420700073242,0.9662,1.6083,8.7605,
runs_inca_final_v1,supervised_inca_frac25,2,inca,pseudo_label,False,unetpp,efficientnet-b3,unlabeling_r10_max0/images,/content/drive/MyDrive/UNM_vertebras_seg_v3/data/inca_dataset/label_fractions/frac_25/stems.txt,0.05,0.95,0.99,30,66,106,True,0.8891660529922242,0.8967370986938477,0.06103244051337242,0.8972150576396017,0.8178573846817017,0.9631,1.4418,7.3598,
runs_inca_final_v1,supervised_inca_frac50,0,inca,pseudo_label,False,unetpp,efficientnet-b3,unlabeling_r10_max0/images,/content/drive/MyDrive/UNM_vertebras_seg_v3/data/inca_dataset/label_fractions/frac_50/stems.txt,0.05,0.95,0.99,30,40,80,True,0.893285914047979,0.9066248536109924,0.05198904871940613,0.9073359204062162,0.8329711556434631,0.9711,1.1447,5.086,
runs_inca_final_v1,supervised_inca_frac50,1,inca,pseudo_label,False,unetpp,efficientnet-b3,unlabeling_r10_max0/images,/content/drive/MyDrive/UNM_vertebras_seg_v3/data/inca_dataset/label_fractions/frac_50/stems.txt,0.05,0.95,0.99,30,47,87,True,0.8960609799725625,0.9039822816848755,0.05457734689116478,0.904554669005506,0.8289008140563965,0.9682,1.1955,5.4775,
runs_inca_final_v1,supervised_inca_frac50,2,inca,pseudo_label,False,unetpp,efficientnet-b3,unlabeling_r10_max0/images,/content/drive/MyDrive/UNM_vertebras_seg_v3/data/inca_dataset/label_fractions/frac_50/stems.txt,0.05,0.95,0.99,30,90,130,True,0.8892076389221648,0.9021781086921692,0.05591036006808281,0.9026900919549175,0.8260937929153442,0.9692,1.2621,6.3023,
runs_inca_final_v1,supervised_inca_frac75,0,inca,pseudo_label,False,unetpp,efficientnet-b3,unlabeling_r10_max0/images,/content/drive/MyDrive/UNM_vertebras_seg_v3/data/inca_dataset/label_fractions/frac_75/stems.txt,0.05,0.95,0.99,30,28,68,True,0.896969785241318,0.9009276032447815,0.05564448609948158,0.9019104342497196,0.8240287899971008,0.9633,1.6123,8.6682,
runs_inca_final_v1,supervised_inca_frac75,1,inca,pseudo_label,False,unetpp,efficientnet-b3,unlabeling_r10_max0/images,/content/drive/MyDrive/UNM_vertebras_seg_v3/data/inca_dataset/label_fractions/frac_75/stems.txt,0.05,0.95,0.99,30,37,77,True,0.8952402496028861,0.9004104733467102,0.05634472519159317,0.9008018664913923,0.8232424855232239,0.9664,1.1695,5.1653,
runs_inca_final_v1,supervised_inca_frac75,2,inca,pseudo_label,False,unetpp,efficientnet-b3,unlabeling_r10_max0/images,/content/drive/MyDrive/UNM_vertebras_seg_v3/data/inca_dataset/label_fractions/frac_75/stems.txt,0.05,0.95,0.99,30,40,80,True,0.8969978239180998,0.9024364948272705,0.056532010436058044,0.903178873454876,0.8266857862472534,0.9649,1.2558,5.7126,
runs_inca_final_v1,supervised_inca_fromscratch,0,inca,pseudo_label,False,unetpp,efficientnet-b3,unlabeling_r10_max0/images,,0.05,0.95,0.99,30,69,109,True,0.8974592511092154,0.9095981121063232,0.054328203201293945,0.9108736157181365,0.8382964730262756,0.974,1.1488,5.2455,
runs_inca_final_v1,supervised_inca_fromscratch,1,inca,pseudo_label,False,unetpp,efficientnet-b3,unlabeling_r10_max0/images,,0.05,0.95,0.99,30,84,124,True,0.8947676422956068,0.9021828174591064,0.05337526649236679,0.9036155994135557,0.8258141875267029,0.9664,1.3779,7.7007,
runs_inca_final_v1,supervised_inca_fromscratch,2,inca,pseudo_label,False,unetpp,efficientnet-b3,unlabeling_r10_max0/images,,0.05,0.95,0.99,30,67,107,True,0.8971249690361038,0.9020220637321472,0.05833485722541809,0.9036202688392949,0.8262477517127991,0.9672,1.2463,5.8745,
runs_inca_final_v1,supervised_inca_patient10,0,inca,pseudo_label,False,unetpp,efficientnet-b3,unlabeling_r10_max0/images,/content/drive/MyDrive/UNM_vertebras_seg_v3/data/inca_dataset/label_fractions/patient_frac_10/stems.txt,0.05,0.95,0.99,30,111,151,True,0.8121790390717134,0.8486537337303162,0.07403601706027985,0.8513591563944033,0.7438204884529114,0.9271,1.9238,8.0106,
runs_inca_final_v1,supervised_inca_patient10,1,inca,pseudo_label,False,unetpp,efficientnet-b3,unlabeling_r10_max0/images,/content/drive/MyDrive/UNM_vertebras_seg_v3/data/inca_dataset/label_fractions/patient_frac_10/stems.txt,0.05,0.95,0.99,30,80,120,True,0.7995996104488923,0.836916983127594,0.08217509090900421,0.8403622081195877,0.7276655435562134,0.9142,2.6433,12.1961,
runs_inca_final_v1,supervised_inca_patient10,2,inca,pseudo_label,False,unetpp,efficientnet-b3,unlabeling_r10_max0/images,/content/drive/MyDrive/UNM_vertebras_seg_v3/data/inca_dataset/label_fractions/patient_frac_10/stems.txt,0.05,0.95,0.99,30,81,121,True,0.8217358881092088,0.8469968438148499,0.06592690199613571,0.8489069915511588,0.7400023341178894,0.9093,3.8048,21.8101,
runs_inca_final_v1,supervised_inca_patient25,0,inca,pseudo_label,False,unetpp,efficientnet-b3,unlabeling_r10_max0/images,/content/drive/MyDrive/UNM_vertebras_seg_v3/data/inca_dataset/label_fractions/patient_frac_25/stems.txt,0.05,0.95,0.99,30,57,97,True,0.8749875032417859,0.8903093338012695,0.05278106778860092,0.8920273458291377,0.8061004281044006,0.9608,1.4586,6.7423,
runs_inca_final_v1,supervised_inca_patient25,1,inca,pseudo_label,False,unetpp,efficientnet-b3,unlabeling_r10_max0/images,/content/drive/MyDrive/UNM_vertebras_seg_v3/data/inca_dataset/label_fractions/patient_frac_25/stems.txt,0.05,0.95,0.99,30,61,101,True,0.8745721043820243,0.8935807943344116,0.05677851662039757,0.8949765537165181,0.812032163143158,0.9626,1.3749,6.0778,
runs_inca_final_v1,supervised_inca_patient25,2,inca,pseudo_label,False,unetpp,efficientnet-b3,unlabeling_r10_max0/images,/content/drive/MyDrive/UNM_vertebras_seg_v3/data/inca_dataset/label_fractions/patient_frac_25/stems.txt,0.05,0.95,0.99,30,105,145,True,0.8716166821328484,0.8929758667945862,0.057579703629016876,0.8947498056654267,0.8111830949783325,0.9632,1.3843,6.5653,
runs_inca_final_v1,supervised_inca_patient50,0,inca,pseudo_label,False,unetpp,efficientnet-b3,unlabeling_r10_max0/images,/content/drive/MyDrive/UNM_vertebras_seg_v3/data/inca_dataset/label_fractions/patient_frac_50/stems.txt,0.05,0.95,0.99,30,43,83,True,0.8848713323269323,0.8951265215873718,0.05740715563297272,0.8954978374379922,0.8146945834159851,0.9625,1.2735,5.9725,
runs_inca_final_v1,supervised_inca_patient50,1,inca,pseudo_label,False,unetpp,efficientnet-b3,unlabeling_r10_max0/images,/content/drive/MyDrive/UNM_vertebras_seg_v3/data/inca_dataset/label_fractions/patient_frac_50/stems.txt,0.05,0.95,0.99,30,31,71,True,0.8867810779308193,0.9005604982376099,0.05587893724441528,0.902064177820123,0.8234128952026367,0.9671,1.1801,5.2183,
runs_inca_final_v1,supervised_inca_patient50,2,inca,pseudo_label,False,unetpp,efficientnet-b3,unlabeling_r10_max0/images,/content/drive/MyDrive/UNM_vertebras_seg_v3/data/inca_dataset/label_fractions/patient_frac_50/stems.txt,0.05,0.95,0.99,30,28,68,True,0.8854150639851333,0.892672061920166,0.06020372733473778,0.8930830401268083,0.8110145330429077,0.9615,1.2988,5.5307,
